age,work.class,education,education.num,marital.status,occupation,relationship,race,sex,capital.gain,capital.loss,hours.per.week,native.country,salary
39,Local-gov,Masters,14,Divorced,Prof-specialty,Not-in-family,White,Female,0,0,40,United-States,Below-50K
24,Private,HS-grad,9,Married-civ-spouse,Machine-op-inspct,Wife,White,Female,0,0,40,United-States,Below-50K
34,Private,HS-grad,9,Divorced,Adm-clerical,Unmarried,White,Female,0,0,35,United-States,Below-50K
26,Private,Bachelors,13,Married-civ-spouse,Sales,Wife,White,Female,0,0,40,United-States,Above-50K
27,Private,Some-college,10,Divorced,Adm-clerical,Unmarried,Black,Female,0,0,36,United-States,Below-50K
24,Private,Some-college,10,Never-married,Adm-clerical,Own-child,Black,Female,0,0,25,United-States,Below-50K
30,Private,9th,5,Married-civ-spouse,Machine-op-inspct,Wife,White,Female,0,0,40,Portugal,Below-50K
31,Private,Some-college,10,Married-civ-spouse,Adm-clerical,Wife,White,Female,0,1740,20,United-States,Below-50K
36,Private,Some-college,10,Widowed,Sales,Not-in-family,White,Female,0,0,20,United-States,Below-50K
35,Private,11th,7,Married-civ-spouse,Sales,Wife,White,Female,0,0,40,United-States,Below-50K
35,State-gov,HS-grad,9,Divorced,Protective-serv,Unmarried,White,Female,0,0,40,United-States,Below-50K
42,Private,Some-college,10,Divorced,Machine-op-inspct,Not-in-family,White,Female,0,0,40,United-States,Below-50K
43,Local-gov,HS-grad,9,Divorced,Tech-support,Not-in-family,Black,Female,0,0,40,United-States,Below-50K
66,Private,HS-grad,9,Widowed,Adm-clerical,Not-in-family,White,Female,0,0,13,United-States,Below-50K
50,Self-emp-not-inc,5th-6th,3,Never-married,Tech-support,Not-in-family,Asian-Pac-Islander,Female,0,0,15,United-States,Below-50K
50,Private,HS-grad,9,Divorced,Adm-clerical,Unmarried,White,Female,0,0,35,United-States,Below-50K
40,Private,Assoc-acdm,12,Never-married,Adm-clerical,Not-in-family,White,Female,0,0,40,United-States,Below-50K
37,Private,Some-college,10,Divorced,Adm-clerical,Not-in-family,White,Female,0,0,40,United-States,Below-50K
18,Local-gov,10th,6,Never-married,Protective-serv,Own-child,White,Female,0,0,6,United-States,Below-50K
28,State-gov,Some-college,10,Never-married,Adm-clerical,Not-in-family,White,Female,0,0,38,United-States,Below-50K
24,Private,HS-grad,9,Divorced,Protective-serv,Own-child,White,Female,0,1762,40,United-States,Below-50K
51,Private,HS-grad,9,Never-married,Adm-clerical,Not-in-family,White,Female,0,0,40,United-States,Below-50K
59,Local-gov,Masters,14,Divorced,Prof-specialty,Not-in-family,White,Female,0,0,40,United-States,Below-50K
56,Local-gov,Doctorate,16,Divorced,Prof-specialty,Not-in-family,White,Female,0,1669,38,United-States,Below-50K
17,Private,10th,6,Never-married,Sales,Own-child,White,Female,0,0,12,United-States,Below-50K
23,Private,Some-college,10,Divorced,Sales,Own-child,Black,Female,0,0,40,United-States,Below-50K
29,Private,Some-college,10,Married-civ-spouse,Adm-clerical,Wife,White,Female,0,0,40,United-States,Above-50K
46,Private,HS-grad,9,Married-civ-spouse,Sales,Wife,White,Female,0,0,40,United-States,Below-50K
34,Private,Bachelors,13,Separated,Exec-managerial,Not-in-family,White,Female,0,0,35,United-States,Below-50K
45,Private,Assoc-voc,11,Divorced,Adm-clerical,Unmarried,Black,Female,0,0,40,United-States,Below-50K
32,Private,HS-grad,9,Divorced,Adm-clerical,Unmarried,White,Female,0,0,40,United-States,Below-50K
49,Private,HS-grad,9,Divorced,Exec-managerial,Unmarried,White,Female,0,0,40,United-States,Below-50K
35,State-gov,Some-college,10,Never-married,Adm-clerical,Own-child,White,Female,0,0,38,United-States,Below-50K
66,Private,Some-college,10,Widowed,Sales,Unmarried,White,Female,0,0,50,United-States,Above-50K
48,Private,HS-grad,9,Divorced,Machine-op-inspct,Not-in-family,White,Female,0,0,55,United-States,Below-50K
37,Private,Assoc-voc,11,Divorced,Sales,Unmarried,White,Female,0,0,40,United-States,Below-50K
19,Private,12th,8,Never-married,Adm-clerical,Own-child,White,Female,0,0,25,United-States,Below-50K
52,Private,Some-college,10,Divorced,Adm-clerical,Not-in-family,White,Female,0,0,60,United-States,Below-50K
42,Private,Some-college,10,Divorced,Adm-clerical,Not-in-family,White,Female,0,0,30,United-States,Below-50K
18,Private,Some-college,10,Never-married,Adm-clerical,Own-child,White,Female,0,0,25,United-States,Below-50K
71,Private,HS-grad,9,Widowed,Adm-clerical,Not-in-family,White,Female,0,0,40,United-States,Below-50K
42,Self-emp-not-inc,Some-college,10,Married-civ-spouse,Prof-specialty,Own-child,White,Female,0,0,25,United-States,Below-50K
63,Local-gov,Bachelors,13,Never-married,Prof-specialty,Not-in-family,Black,Female,0,0,21,United-States,Below-50K
40,Private,HS-grad,9,Divorced,Adm-clerical,Unmarried,White,Female,0,0,38,United-States,Below-50K
18,Private,HS-grad,9,Never-married,Adm-clerical,Own-child,White,Female,0,0,30,United-States,Below-50K
25,Private,HS-grad,9,Divorced,Handlers-cleaners,Own-child,Asian-Pac-Islander,Female,0,0,40,Philippines,Below-50K
23,Private,Some-college,10,Never-married,Adm-clerical,Not-in-family,White,Female,0,0,24,Greece,Below-50K
26,Private,Masters,14,Never-married,Exec-managerial,Not-in-family,White,Female,0,0,30,United-States,Below-50K
35,State-gov,Assoc-acdm,12,Widowed,Exec-managerial,Not-in-family,White,Female,0,0,40,United-States,Below-50K
40,Private,Some-college,10,Married-civ-spouse,Adm-clerical,Wife,White,Female,0,0,40,Dominican-Republic,Below-50K
47,Private,HS-grad,9,Married-civ-spouse,Protective-serv,Wife,Black,Female,0,0,40,United-States,Below-50K
28,Private,Some-college,10,Never-married,Exec-managerial,Not-in-family,White,Female,0,0,40,United-States,Below-50K
36,Local-gov,Bachelors,13,Divorced,Adm-clerical,Unmarried,White,Female,0,0,35,Honduras,Below-50K
23,Private,HS-grad,9,Married-civ-spouse,Adm-clerical,Wife,White,Female,0,0,40,Mexico,Below-50K
40,Private,HS-grad,9,Separated,Adm-clerical,Unmarried,White,Female,0,0,37,United-States,Below-50K
23,Private,Bachelors,13,Never-married,Adm-clerical,Own-child,White,Female,0,0,50,United-States,Below-50K
42,Private,Some-college,10,Separated,Adm-clerical,Own-child,White,Female,0,0,40,United-States,Below-50K
74,Private,Prof-school,15,Widowed,Adm-clerical,Not-in-family,Black,Female,0,0,20,United-States,Below-50K
44,Private,HS-grad,9,Married-civ-spouse,Adm-clerical,Wife,White,Female,0,0,30,United-States,Below-50K
64,Private,Bachelors,13,Widowed,Prof-specialty,Not-in-family,White,Female,0,0,30,United-States,Below-50K
34,State-gov,Bachelors,13,Married-civ-spouse,Prof-specialty,Wife,White,Female,0,0,45,United-States,Above-50K
27,Private,Some-college,10,Never-married,Adm-clerical,Not-in-family,White,Female,0,0,56,United-States,Below-50K
70,Private,9th,5,Married-civ-spouse,Machine-op-inspct,Wife,White,Female,2653,0,40,United-States,Below-50K
28,Private,Masters,14,Divorced,Prof-specialty,Not-in-family,White,Female,0,0,50,United-States,Below-50K
38,Private,Masters,14,Never-married,Adm-clerical,Not-in-family,White,Female,0,0,50,Italy,Above-50K
38,Private,Bachelors,13,Never-married,Adm-clerical,Not-in-family,White,Female,0,0,50,United-States,Below-50K
24,State-gov,Bachelors,13,Never-married,Adm-clerical,Not-in-family,White,Female,0,0,65,United-States,Below-50K
48,Private,HS-grad,9,Divorced,Sales,Not-in-family,White,Female,0,0,30,United-States,Below-50K
31,Private,Masters,14,Married-civ-spouse,Prof-specialty,Wife,White,Female,0,0,50,United-States,Below-50K
44,Private,Some-college,10,Widowed,Sales,Not-in-family,White,Female,0,0,25,United-States,Below-50K
43,Private,Masters,14,Married-civ-spouse,Exec-managerial,Wife,White,Female,15024,0,32,United-States,Above-50K
49,Self-emp-inc,HS-grad,9,Divorced,Exec-managerial,Unmarried,White,Female,0,0,40,United-States,Below-50K
31,Private,HS-grad,9,Never-married,Machine-op-inspct,Not-in-family,White,Female,0,0,40,United-States,Below-50K
42,Private,Some-college,10,Divorced,Prof-specialty,Unmarried,White,Female,0,0,20,United-States,Below-50K
55,Local-gov,Bachelors,13,Married-civ-spouse,Prof-specialty,Wife,White,Female,0,0,60,United-States,Below-50K
27,Private,Some-college,10,Never-married,Adm-clerical,Not-in-family,White,Female,0,0,40,United-States,Below-50K
46,Private,Masters,14,Married-civ-spouse,Prof-specialty,Wife,White,Female,7688,0,35,United-States,Above-50K
49,Private,Some-college,10,Widowed,Sales,Unmarried,White,Female,0,0,30,United-States,Below-50K
49,Private,HS-grad,9,Widowed,Adm-clerical,Unmarried,White,Female,0,0,40,United-States,Below-50K
23,Local-gov,Bachelors,13,Never-married,Prof-specialty,Own-child,White,Female,0,0,40,United-States,Below-50K
51,Private,HS-grad,9,Widowed,Tech-support,Unmarried,Black,Female,0,0,40,United-States,Below-50K
57,Local-gov,HS-grad,9,Widowed,Transport-moving,Not-in-family,White,Female,0,0,40,United-States,Below-50K
23,Private,Bachelors,13,Never-married,Prof-specialty,Own-child,White,Female,0,0,38,United-States,Below-50K
25,Private,Bachelors,13,Never-married,Sales,Own-child,White,Female,0,0,20,United-States,Below-50K
50,Private,HS-grad,9,Married-civ-spouse,Machine-op-inspct,Wife,White,Female,0,0,40,United-States,Below-50K
45,State-gov,HS-grad,9,Separated,Adm-clerical,Own-child,White,Female,0,0,40,United-States,Below-50K
41,State-gov,Bachelors,13,Never-married,Prof-specialty,Not-in-family,White,Female,0,0,40,United-States,Below-50K
20,Private,Some-college,10,Never-married,Sales,Own-child,White,Female,0,0,20,United-States,Below-50K
39,Private,Some-college,10,Married-civ-spouse,Sales,Wife,Asian-Pac-Islander,Female,0,0,40,Philippines,Below-50K
34,Private,Masters,14,Divorced,Prof-specialty,Own-child,White,Female,0,0,60,United-States,Above-50K
23,Private,HS-grad,9,Never-married,Adm-clerical,Own-child,White,Female,0,0,40,United-States,Below-50K
41,Private,Bachelors,13,Never-married,Prof-specialty,Not-in-family,White,Female,0,1741,40,United-States,Below-50K
56,Private,HS-grad,9,Divorced,Adm-clerical,Unmarried,White,Female,0,0,32,United-States,Below-50K
59,Private,Masters,14,Widowed,Prof-specialty,Not-in-family,White,Female,0,0,40,United-States,Below-50K
53,Private,Masters,14,Married-civ-spouse,Exec-managerial,Wife,White,Female,0,0,50,United-States,Above-50K
51,Private,HS-grad,9,Widowed,Machine-op-inspct,Not-in-family,Black,Female,0,0,40,United-States,Below-50K
61,Federal-gov,HS-grad,9,Divorced,Adm-clerical,Own-child,Black,Female,0,0,20,United-States,Below-50K
56,Private,7th-8th,4,Divorced,Machine-op-inspct,Not-in-family,White,Female,0,0,20,Yugoslavia,Below-50K
54,Private,Some-college,10,Never-married,Exec-managerial,Not-in-family,White,Female,0,0,45,United-States,Above-50K
27,Private,Some-college,10,Married-civ-spouse,Exec-managerial,Wife,White,Female,0,0,40,United-States,Above-50K
37,Private,Bachelors,13,Widowed,Prof-specialty,Not-in-family,White,Female,0,0,50,United-States,Below-50K
24,Private,Bachelors,13,Never-married,Exec-managerial,Own-child,Asian-Pac-Islander,Female,0,0,40,Philippines,Below-50K
27,State-gov,Bachelors,13,Married-civ-spouse,Protective-serv,Wife,Black,Female,0,0,48,United-States,Below-50K
39,Private,Some-college,10,Married-civ-spouse,Exec-managerial,Wife,White,Female,0,0,35,Puerto-Rico,Above-50K
49,State-gov,Prof-school,15,Divorced,Exec-managerial,Not-in-family,White,Female,0,0,40,United-States,Below-50K
38,Private,HS-grad,9,Never-married,Craft-repair,Unmarried,Black,Female,0,0,40,United-States,Below-50K
34,State-gov,Some-college,10,Separated,Exec-managerial,Own-child,White,Female,0,0,40,United-States,Below-50K
32,Private,Bachelors,13,Married-civ-spouse,Tech-support,Wife,White,Female,0,0,40,United-States,Above-50K
22,Private,10th,6,Married-civ-spouse,Sales,Wife,White,Female,0,0,40,United-States,Below-50K
23,Private,Bachelors,13,Never-married,Adm-clerical,Own-child,White,Female,2174,0,40,United-States,Below-50K
31,Private,HS-grad,9,Divorced,Adm-clerical,Unmarried,White,Female,0,0,40,United-States,Below-50K
25,Private,Masters,14,Never-married,Prof-specialty,Own-child,White,Female,0,0,60,United-States,Below-50K
38,Private,Assoc-acdm,12,Divorced,Adm-clerical,Unmarried,White,Female,0,0,40,United-States,Below-50K
26,Private,10th,6,Married-civ-spouse,Adm-clerical,Wife,White,Female,0,0,40,United-States,Below-50K
43,Local-gov,Bachelors,13,Divorced,Prof-specialty,Unmarried,White,Female,0,0,55,United-States,Below-50K
32,Private,Assoc-voc,11,Divorced,Exec-managerial,Unmarried,White,Female,0,0,40,United-States,Below-50K
43,Private,Some-college,10,Divorced,Exec-managerial,Unmarried,White,Female,0,0,45,Iran,Below-50K
23,Private,HS-grad,9,Never-married,Adm-clerical,Own-child,White,Female,0,0,40,United-States,Below-50K
44,Private,Some-college,10,Separated,Tech-support,Not-in-family,White,Female,0,0,38,United-States,Below-50K
65,Private,HS-grad,9,Divorced,Adm-clerical,Unmarried,White,Female,0,2206,59,Canada,Below-50K
38,Self-emp-inc,Bachelors,13,Never-married,Craft-repair,Not-in-family,White,Female,0,0,20,United-States,Below-50K
56,Private,Assoc-acdm,12,Divorced,Adm-clerical,Unmarried,White,Female,4101,0,40,United-States,Below-50K
34,Private,Bachelors,13,Married-civ-spouse,Sales,Wife,White,Female,0,0,40,United-States,Above-50K
26,Private,Some-college,10,Never-married,Sales,Not-in-family,White,Female,0,0,15,United-States,Below-50K
34,Private,Masters,14,Divorced,Prof-specialty,Unmarried,White,Female,0,0,40,United-States,Below-50K
23,Private,Some-college,10,Never-married,Tech-support,Not-in-family,White,Female,0,0,40,United-States,Below-50K
22,Private,10th,6,Never-married,Adm-clerical,Not-in-family,White,Female,0,0,40,United-States,Below-50K
22,Private,Some-college,10,Never-married,Sales,Unmarried,White,Female,0,0,32,United-States,Below-50K
18,Private,HS-grad,9,Never-married,Adm-clerical,Own-child,White,Female,0,0,40,United-States,Below-50K
17,Private,11th,7,Never-married,Priv-house-serv,Own-child,White,Female,0,0,9,United-States,Below-50K
27,Private,Masters,14,Never-married,Exec-managerial,Own-child,White,Female,0,0,40,United-States,Below-50K
43,Private,Bachelors,13,Married-civ-spouse,Prof-specialty,Wife,White,Female,15024,0,50,United-States,Above-50K
31,Private,HS-grad,9,Never-married,Sales,Own-child,White,Female,0,1594,30,United-States,Below-50K
27,Private,Some-college,10,Never-married,Tech-support,Not-in-family,White,Female,0,0,40,United-States,Below-50K
25,Private,Assoc-acdm,12,Never-married,Adm-clerical,Not-in-family,White,Female,0,0,40,United-States,Below-50K
29,Private,HS-grad,9,Never-married,Exec-managerial,Not-in-family,White,Female,0,0,45,United-States,Below-50K
49,Private,Bachelors,13,Divorced,Exec-managerial,Unmarried,White,Female,0,0,40,United-States,Below-50K
56,Private,HS-grad,9,Separated,Craft-repair,Not-in-family,White,Female,0,0,40,United-States,Below-50K
36,Private,HS-grad,9,Divorced,Craft-repair,Not-in-family,White,Female,0,0,40,United-States,Below-50K
36,State-gov,Some-college,10,Never-married,Tech-support,Unmarried,Black,Female,0,0,40,United-States,Below-50K
40,Private,Doctorate,16,Married-civ-spouse,Prof-specialty,Wife,White,Female,0,0,30,United-States,Above-50K
44,Private,Bachelors,13,Never-married,Prof-specialty,Not-in-family,White,Female,0,0,45,United-States,Below-50K
21,Private,Some-college,10,Never-married,Sales,Own-child,Black,Female,0,0,30,United-States,Below-50K
51,Private,HS-grad,9,Married-civ-spouse,Adm-clerical,Wife,White,Female,0,0,40,United-States,Below-50K
30,Local-gov,Bachelors,13,Separated,Prof-specialty,Not-in-family,White,Female,0,0,40,United-States,Below-50K
48,Local-gov,Masters,14,Married-civ-spouse,Prof-specialty,Wife,White,Female,0,0,40,United-States,Above-50K
39,Private,Some-college,10,Separated,Prof-specialty,Unmarried,White,Female,0,0,40,United-States,Below-50K
41,Private,HS-grad,9,Divorced,Adm-clerical,Unmarried,White,Female,0,0,40,United-States,Below-50K
34,Private,HS-grad,9,Never-married,Machine-op-inspct,Unmarried,Black,Female,0,0,48,United-States,Below-50K
29,State-gov,Some-college,10,Never-married,Adm-clerical,Unmarried,Asian-Pac-Islander,Female,0,0,40,Philippines,Below-50K
26,Private,HS-grad,9,Never-married,Adm-clerical,Own-child,White,Female,2354,0,40,United-States,Below-50K
37,Private,HS-grad,9,Divorced,Machine-op-inspct,Not-in-family,White,Female,0,0,56,United-States,Below-50K
32,Private,Assoc-voc,11,Widowed,Tech-support,Unmarried,Black,Female,0,0,40,United-States,Below-50K
17,Local-gov,11th,7,Never-married,Adm-clerical,Own-child,White,Female,0,0,12,United-States,Below-50K
21,Private,Some-college,10,Never-married,Sales,Own-child,Black,Female,0,0,20,United-States,Below-50K
25,Private,HS-grad,9,Never-married,Adm-clerical,Unmarried,White,Female,0,0,40,Mexico,Below-50K
51,Private,Some-college,10,Married-civ-spouse,Prof-specialty,Wife,White,Female,0,0,40,United-States,Above-50K
50,Private,HS-grad,9,Divorced,Adm-clerical,Not-in-family,White,Female,0,0,40,United-States,Below-50K
36,State-gov,Masters,14,Never-married,Prof-specialty,Own-child,White,Female,0,0,30,United-States,Below-50K
17,Private,11th,7,Never-married,Priv-house-serv,Own-child,White,Female,0,0,12,United-States,Below-50K
52,State-gov,Masters,14,Married-civ-spouse,Prof-specialty,Wife,Black,Female,0,1848,40,United-States,Above-50K
45,Private,HS-grad,9,Divorced,Tech-support,Not-in-family,White,Female,0,0,50,United-States,Above-50K
48,Private,Bachelors,13,Divorced,Priv-house-serv,Not-in-family,White,Female,0,0,44,Germany,Below-50K
28,Private,Some-college,10,Divorced,Adm-clerical,Not-in-family,White,Female,0,0,40,United-States,Below-50K
30,Private,HS-grad,9,Never-married,Prof-specialty,Own-child,White,Female,0,0,30,United-States,Below-50K
36,Private,HS-grad,9,Divorced,Exec-managerial,Own-child,White,Female,1831,0,40,United-States,Below-50K
46,Private,HS-grad,9,Divorced,Prof-specialty,Unmarried,White,Female,0,0,40,United-States,Below-50K
50,Private,HS-grad,9,Married-civ-spouse,Sales,Wife,Black,Female,0,0,40,United-States,Below-50K
33,Local-gov,Masters,14,Never-married,Prof-specialty,Not-in-family,White,Female,0,0,50,United-States,Below-50K
31,Private,Some-college,10,Married-civ-spouse,Sales,Wife,Black,Female,0,0,40,United-States,Below-50K
44,Local-gov,Some-college,10,Widowed,Adm-clerical,Unmarried,White,Female,0,0,15,United-States,Below-50K
34,Private,HS-grad,9,Married-civ-spouse,Adm-clerical,Wife,White,Female,0,0,20,United-States,Below-50K
26,Private,Bachelors,13,Never-married,Tech-support,Not-in-family,White,Female,0,0,40,United-States,Below-50K
35,Private,Assoc-voc,11,Married-spouse-absent,Prof-specialty,Unmarried,White,Female,0,0,44,United-States,Below-50K
35,Private,Assoc-acdm,12,Divorced,Adm-clerical,Unmarried,White,Female,0,0,40,United-States,Below-50K
46,Private,Assoc-acdm,12,Widowed,Tech-support,Unmarried,White,Female,6497,0,40,United-States,Below-50K
36,Private,Some-college,10,Married-civ-spouse,Adm-clerical,Wife,White,Female,0,0,12,United-States,Above-50K
34,State-gov,Some-college,10,Married-spouse-absent,Adm-clerical,Unmarried,Asian-Pac-Islander,Female,0,0,38,Philippines,Below-50K
26,Private,HS-grad,9,Divorced,Adm-clerical,Not-in-family,White,Female,0,0,50,United-States,Below-50K
41,Private,5th-6th,3,Married-civ-spouse,Farming-fishing,Wife,White,Female,0,0,40,Mexico,Below-50K
23,Private,Assoc-voc,11,Separated,Exec-managerial,Own-child,White,Female,0,0,40,United-States,Below-50K
27,Private,Masters,14,Never-married,Machine-op-inspct,Not-in-family,White,Female,0,0,40,United-States,Below-50K
58,Private,7th-8th,4,Never-married,Handlers-cleaners,Not-in-family,White,Female,0,0,33,United-States,Below-50K
24,Private,Some-college,10,Never-married,Sales,Own-child,White,Female,0,0,17,United-States,Below-50K
47,Private,Masters,14,Divorced,Prof-specialty,Not-in-family,White,Female,0,0,40,United-States,Below-50K
46,Private,Some-college,10,Divorced,Prof-specialty,Not-in-family,White,Female,0,0,40,United-States,Below-50K
22,Private,Some-college,10,Never-married,Adm-clerical,Own-child,White,Female,0,0,37,United-States,Below-50K
35,Private,Bachelors,13,Divorced,Sales,Not-in-family,White,Female,0,1980,65,United-States,Below-50K
55,Local-gov,HS-grad,9,Divorced,Adm-clerical,Not-in-family,White,Female,0,0,40,United-States,Below-50K
28,Private,Some-college,10,Never-married,Sales,Not-in-family,White,Female,0,0,40,United-States,Below-50K
31,Private,HS-grad,9,Never-married,Sales,Unmarried,Black,Female,0,0,58,United-States,Below-50K
47,Private,Masters,14,Married-civ-spouse,Prof-specialty,Wife,White,Female,0,0,2,United-States,Above-50K
61,Private,Masters,14,Widowed,Prof-specialty,Not-in-family,White,Female,0,0,40,United-States,Above-50K
44,Private,HS-grad,9,Divorced,Adm-clerical,Not-in-family,White,Female,0,0,40,United-States,Below-50K
27,Private,HS-grad,9,Never-married,Adm-clerical,Not-in-family,White,Female,0,0,70,United-States,Below-50K
39,Private,HS-grad,9,Divorced,Adm-clerical,Not-in-family,White,Female,0,0,40,United-States,Below-50K
26,Private,HS-grad,9,Married-civ-spouse,Adm-clerical,Wife,White,Female,0,0,40,United-States,Below-50K
61,Private,HS-grad,9,Divorced,Adm-clerical,Unmarried,Black,Female,0,0,40,United-States,Below-50K
22,Private,Bachelors,13,Never-married,Adm-clerical,Own-child,White,Female,0,0,40,United-States,Below-50K
34,Private,Some-college,10,Never-married,Exec-managerial,Not-in-family,White,Female,0,0,40,United-States,Below-50K
17,Private,11th,7,Never-married,Sales,Own-child,White,Female,0,0,8,United-States,Below-50K
21,Private,HS-grad,9,Never-married,Sales,Own-child,White,Female,4101,0,40,United-States,Below-50K
29,State-gov,Masters,14,Never-married,Prof-specialty,Unmarried,Asian-Pac-Islander,Female,0,0,20,Taiwan,Below-50K
25,Private,Some-college,10,Never-married,Tech-support,Not-in-family,Black,Female,2174,0,50,United-States,Below-50K
23,Private,Some-college,10,Never-married,Adm-clerical,Own-child,White,Female,0,0,40,United-States,Below-50K
30,Private,HS-grad,9,Never-married,Exec-managerial,Own-child,Black,Female,0,0,35,Jamaica,Below-50K
49,Federal-gov,Some-college,10,Never-married,Adm-clerical,Unmarried,Black,Female,0,0,40,United-States,Below-50K
36,Private,10th,6,Never-married,Transport-moving,Not-in-family,Black,Female,0,0,40,United-States,Below-50K
35,Private,HS-grad,9,Never-married,Adm-clerical,Own-child,White,Female,6849,0,40,United-States,Below-50K
24,Private,11th,7,Never-married,Machine-op-inspct,Unmarried,White,Female,0,0,40,United-States,Below-50K
36,Private,Some-college,10,Divorced,Craft-repair,Unmarried,White,Female,0,0,40,Cuba,Below-50K
55,State-gov,Some-college,10,Married-civ-spouse,Adm-clerical,Wife,White,Female,0,0,37,United-States,Below-50K
44,Private,Some-college,10,Divorced,Adm-clerical,Unmarried,White,Female,0,0,40,United-States,Below-50K
68,Private,HS-grad,9,Widowed,Exec-managerial,Not-in-family,White,Female,0,0,10,United-States,Above-50K
18,Private,Some-college,10,Never-married,Sales,Own-child,White,Female,0,0,20,United-States,Below-50K
43,Private,Some-college,10,Married-civ-spouse,Tech-support,Wife,Black,Female,0,0,40,United-States,Below-50K
20,Private,Some-college,10,Never-married,Protective-serv,Own-child,White,Female,0,0,16,United-States,Below-50K
25,Private,HS-grad,9,Separated,Handlers-cleaners,Unmarried,Black,Female,0,0,40,United-States,Below-50K
42,Local-gov,Bachelors,13,Married-civ-spouse,Prof-specialty,Wife,White,Female,0,0,50,United-States,Above-50K
21,Private,Some-college,10,Never-married,Tech-support,Not-in-family,White,Female,0,0,50,United-States,Below-50K
17,Private,11th,7,Never-married,Priv-house-serv,Own-child,White,Female,0,0,24,United-States,Below-50K
31,Private,HS-grad,9,Never-married,Exec-managerial,Unmarried,White,Female,0,0,40,United-States,Below-50K
24,State-gov,Masters,14,Never-married,Adm-clerical,Not-in-family,Black,Female,0,0,40,United-States,Below-50K
40,Private,Bachelors,13,Married-civ-spouse,Adm-clerical,Wife,White,Female,0,0,40,United-States,Below-50K
65,Private,Assoc-voc,11,Married-civ-spouse,Adm-clerical,Wife,White,Female,0,0,40,United-States,Below-50K
24,Private,Some-college,10,Never-married,Sales,Own-child,White,Female,0,0,20,United-States,Below-50K
48,Private,Some-college,10,Widowed,Adm-clerical,Not-in-family,White,Female,0,0,40,United-States,Below-50K
24,Private,HS-grad,9,Never-married,Adm-clerical,Not-in-family,White,Female,0,0,40,United-States,Below-50K
46,Local-gov,Masters,14,Divorced,Prof-specialty,Unmarried,White,Female,0,0,43,United-States,Below-50K
31,Private,Some-college,10,Divorced,Adm-clerical,Unmarried,White,Female,0,0,40,United-States,Below-50K
28,State-gov,11th,7,Separated,Adm-clerical,Unmarried,Asian-Pac-Islander,Female,0,0,40,India,Below-50K
36,Private,Bachelors,13,Never-married,Sales,Not-in-family,Asian-Pac-Islander,Female,0,0,50,China,Below-50K
51,Local-gov,Doctorate,16,Married-civ-spouse,Prof-specialty,Wife,Black,Female,0,0,40,United-States,Above-50K
44,Self-emp-not-inc,Masters,14,Married-civ-spouse,Exec-managerial,Wife,White,Female,0,1902,60,United-States,Above-50K
48,Local-gov,Masters,14,Divorced,Exec-managerial,Unmarried,Black,Female,9562,0,40,United-States,Above-50K
22,Private,11th,7,Never-married,Sales,Not-in-family,White,Female,0,0,40,United-States,Below-50K
24,Private,Some-college,10,Never-married,Prof-specialty,Own-child,White,Female,0,0,40,United-States,Below-50K
62,Local-gov,Bachelors,13,Married-civ-spouse,Adm-clerical,Wife,White,Female,0,1258,38,United-States,Below-50K
19,Private,HS-grad,9,Never-married,Machine-op-inspct,Own-child,White,Female,0,0,40,United-States,Below-50K
54,Private,Bachelors,13,Never-married,Adm-clerical,Not-in-family,White,Female,14084,0,40,United-States,Above-50K
66,Private,HS-grad,9,Widowed,Adm-clerical,Not-in-family,White,Female,0,0,40,United-States,Below-50K
59,Private,HS-grad,9,Divorced,Machine-op-inspct,Own-child,White,Female,0,0,40,United-States,Below-50K
60,Private,HS-grad,9,Divorced,Adm-clerical,Unmarried,White,Female,0,0,37,United-States,Below-50K
48,Private,HS-grad,9,Divorced,Prof-specialty,Unmarried,White,Female,0,0,38,United-States,Below-50K
50,Private,Masters,14,Divorced,Sales,Not-in-family,White,Female,0,1590,45,United-States,Below-50K
40,Private,Some-college,10,Never-married,Adm-clerical,Not-in-family,Black,Female,0,0,40,United-States,Below-50K
26,Private,HS-grad,9,Divorced,Adm-clerical,Own-child,White,Female,0,0,40,United-States,Below-50K
41,Private,HS-grad,9,Married-civ-spouse,Adm-clerical,Wife,White,Female,0,0,40,United-States,Above-50K
23,Private,HS-grad,9,Never-married,Sales,Not-in-family,White,Female,2463,0,40,United-States,Below-50K
38,Private,Bachelors,13,Married-civ-spouse,Craft-repair,Wife,White,Female,0,0,40,United-States,Below-50K
36,Private,Bachelors,13,Never-married,Exec-managerial,Not-in-family,Asian-Pac-Islander,Female,0,0,40,United-States,Below-50K
27,Private,Bachelors,13,Never-married,Prof-specialty,Not-in-family,White,Female,0,0,40,United-States,Below-50K
24,Private,Some-college,10,Never-married,Exec-managerial,Own-child,White,Female,0,0,45,United-States,Below-50K
64,Private,HS-grad,9,Widowed,Adm-clerical,Not-in-family,White,Female,0,0,40,United-States,Below-50K
28,Private,Some-college,10,Never-married,Machine-op-inspct,Own-child,White,Female,0,0,40,United-States,Below-50K
23,Private,HS-grad,9,Never-married,Sales,Not-in-family,White,Female,0,0,40,United-States,Below-50K
50,Private,Masters,14,Married-civ-spouse,Exec-managerial,Wife,White,Female,0,1485,40,United-States,Below-50K
24,Private,HS-grad,9,Married-civ-spouse,Adm-clerical,Wife,Black,Female,0,0,40,United-States,Below-50K
52,Private,HS-grad,9,Divorced,Craft-repair,Unmarried,White,Female,0,0,50,United-States,Below-50K
27,Private,HS-grad,9,Divorced,Sales,Unmarried,White,Female,0,0,37,United-States,Below-50K
38,Private,Some-college,10,Married-civ-spouse,Adm-clerical,Wife,White,Female,0,0,35,United-States,Above-50K
36,Private,Assoc-acdm,12,Married-civ-spouse,Exec-managerial,Wife,White,Female,0,0,37,United-States,Below-50K
39,Private,Bachelors,13,Divorced,Exec-managerial,Unmarried,White,Female,0,0,50,United-States,Above-50K
25,Private,HS-grad,9,Never-married,Adm-clerical,Unmarried,White,Female,0,0,40,United-States,Below-50K
40,Private,HS-grad,9,Divorced,Adm-clerical,Unmarried,White,Female,0,0,45,England,Below-50K
49,State-gov,Doctorate,16,Never-married,Exec-managerial,Not-in-family,White,Female,0,2258,50,United-States,Above-50K
22,Private,HS-grad,9,Married-civ-spouse,Priv-house-serv,Wife,White,Female,4508,0,40,United-States,Below-50K
48,Local-gov,Bachelors,13,Never-married,Adm-clerical,Unmarried,White,Female,0,0,35,United-States,Below-50K
64,Private,1st-4th,2,Divorced,Priv-house-serv,Not-in-family,White,Female,0,0,12,United-States,Below-50K
31,Private,Prof-school,15,Divorced,Tech-support,Not-in-family,White,Female,0,0,35,United-States,Below-50K
42,Private,HS-grad,9,Divorced,Adm-clerical,Not-in-family,White,Female,0,0,40,United-States,Below-50K
24,Private,Some-college,10,Never-married,Adm-clerical,Not-in-family,White,Female,0,0,40,United-States,Below-50K
18,Private,HS-grad,9,Never-married,Machine-op-inspct,Own-child,White,Female,0,0,40,Dominican-Republic,Below-50K
31,Private,HS-grad,9,Never-married,Farming-fishing,Not-in-family,Black,Female,0,0,60,United-States,Below-50K
22,Private,Some-college,10,Never-married,Sales,Own-child,White,Female,0,0,15,United-States,Below-50K
36,Private,Bachelors,13,Divorced,Prof-specialty,Unmarried,Black,Female,0,213,40,United-States,Below-50K
30,Private,Assoc-acdm,12,Never-married,Prof-specialty,Not-in-family,Black,Female,0,0,25,United-States,Below-50K
42,Private,Some-college,10,Married-civ-spouse,Exec-managerial,Wife,White,Female,0,0,40,El-Salvador,Above-50K
25,Local-gov,Bachelors,13,Never-married,Prof-specialty,Not-in-family,White,Female,0,0,40,United-States,Below-50K
28,Private,Masters,14,Never-married,Prof-specialty,Not-in-family,White,Female,0,0,40,United-States,Above-50K
42,Private,Bachelors,13,Never-married,Prof-specialty,Not-in-family,White,Female,0,1564,38,United-States,Above-50K
27,Private,Bachelors,13,Never-married,Sales,Not-in-family,White,Female,0,0,40,United-States,Below-50K
49,Private,Masters,14,Divorced,Exec-managerial,Not-in-family,White,Female,0,0,75,United-States,Below-50K
29,Private,Doctorate,16,Divorced,Prof-specialty,Not-in-family,White,Female,0,0,60,United-States,Above-50K
23,Private,Some-college,10,Never-married,Priv-house-serv,Not-in-family,White,Female,0,0,6,United-States,Below-50K
18,Private,Some-college,10,Never-married,Sales,Own-child,White,Female,0,0,40,United-States,Below-50K
55,Private,HS-grad,9,Divorced,Adm-clerical,Unmarried,White,Female,0,0,40,United-States,Below-50K
46,State-gov,Some-college,10,Divorced,Prof-specialty,Unmarried,White,Female,1506,0,50,United-States,Below-50K
22,Private,Some-college,10,Never-married,Adm-clerical,Own-child,Black,Female,0,0,35,United-States,Below-50K
35,Federal-gov,Some-college,10,Never-married,Handlers-cleaners,Unmarried,White,Female,0,0,40,United-States,Below-50K
67,Private,Some-college,10,Widowed,Prof-specialty,Not-in-family,White,Female,0,0,16,United-States,Below-50K
23,Private,Bachelors,13,Never-married,Tech-support,Own-child,White,Female,3325,0,40,United-States,Below-50K
39,State-gov,HS-grad,9,Married-civ-spouse,Adm-clerical,Wife,Asian-Pac-Islander,Female,3464,0,20,United-States,Below-50K
50,Private,10th,6,Separated,Adm-clerical,Not-in-family,Black,Female,0,0,47,Jamaica,Below-50K
37,Local-gov,Some-college,10,Married-spouse-absent,Adm-clerical,Unmarried,Black,Female,0,0,40,United-States,Below-50K
50,Private,Assoc-voc,11,Divorced,Prof-specialty,Unmarried,White,Female,0,0,40,United-States,Above-50K
41,Private,Masters,14,Divorced,Exec-managerial,Unmarried,Black,Female,0,0,60,United-States,Above-50K
29,Private,Some-college,10,Married-civ-spouse,Adm-clerical,Own-child,White,Female,0,0,6,United-States,Below-50K
54,State-gov,HS-grad,9,Separated,Exec-managerial,Unmarried,White,Female,0,0,38,United-States,Below-50K
41,Local-gov,HS-grad,9,Divorced,Exec-managerial,Unmarried,White,Female,0,0,40,United-States,Below-50K
28,Private,HS-grad,9,Never-married,Prof-specialty,Not-in-family,Amer-Indian-Eskimo,Female,0,0,40,United-States,Below-50K
39,Local-gov,Masters,14,Never-married,Prof-specialty,Unmarried,White,Female,0,0,43,United-States,Below-50K
51,Private,Some-college,10,Married-civ-spouse,Adm-clerical,Wife,Black,Female,0,0,35,Jamaica,Below-50K
17,Private,12th,8,Never-married,Sales,Own-child,White,Female,0,0,20,United-States,Below-50K
23,Private,Bachelors,13,Never-married,Exec-managerial,Own-child,White,Female,0,0,40,United-States,Below-50K
22,Private,Bachelors,13,Never-married,Adm-clerical,Own-child,White,Female,1055,0,30,United-States,Below-50K
41,Private,HS-grad,9,Divorced,Sales,Unmarried,White,Female,0,0,40,United-States,Below-50K
26,Local-gov,Bachelors,13,Never-married,Prof-specialty,Own-child,Black,Female,0,0,42,United-States,Below-50K
57,Private,HS-grad,9,Widowed,Prof-specialty,Not-in-family,White,Female,0,0,57,United-States,Below-50K
35,Private,Assoc-voc,11,Married-civ-spouse,Craft-repair,Wife,White,Female,0,0,44,United-States,Below-50K
24,Private,HS-grad,9,Married-civ-spouse,Adm-clerical,Wife,White,Female,0,0,40,United-States,Below-50K
43,Private,Bachelors,13,Never-married,Sales,Unmarried,Black,Female,0,0,35,United-States,Above-50K
32,Private,HS-grad,9,Married-civ-spouse,Adm-clerical,Wife,White,Female,0,0,20,United-States,Below-50K
21,Private,Some-college,10,Never-married,Sales,Own-child,White,Female,0,0,20,United-States,Below-50K
21,Private,Assoc-voc,11,Never-married,Adm-clerical,Not-in-family,White,Female,0,0,40,United-States,Below-50K
26,Private,HS-grad,9,Never-married,Adm-clerical,Not-in-family,White,Female,0,0,50,United-States,Below-50K
24,Private,Bachelors,13,Married-civ-spouse,Prof-specialty,Wife,White,Female,0,0,40,United-States,Below-50K
51,Private,HS-grad,9,Divorced,Priv-house-serv,Own-child,White,Female,0,0,40,United-States,Below-50K
19,Private,Some-college,10,Never-married,Sales,Own-child,White,Female,0,0,25,United-States,Below-50K
32,Private,Some-college,10,Divorced,Farming-fishing,Not-in-family,White,Female,0,1590,54,United-States,Below-50K
57,Local-gov,HS-grad,9,Divorced,Protective-serv,Not-in-family,White,Female,0,0,40,United-States,Below-50K
49,Private,Assoc-voc,11,Never-married,Exec-managerial,Unmarried,White,Female,0,0,40,United-States,Below-50K
61,Private,HS-grad,9,Divorced,Farming-fishing,Not-in-family,White,Female,0,0,82,United-States,Below-50K
45,State-gov,HS-grad,9,Divorced,Exec-managerial,Unmarried,White,Female,0,0,38,United-States,Above-50K
68,Private,7th-8th,4,Widowed,Machine-op-inspct,Not-in-family,White,Female,0,0,10,United-States,Below-50K
29,Private,Masters,14,Never-married,Prof-specialty,Not-in-family,White,Female,0,0,80,United-States,Below-50K
71,Private,Bachelors,13,Never-married,Exec-managerial,Not-in-family,White,Female,0,0,14,United-States,Below-50K
47,Private,Some-college,10,Divorced,Exec-managerial,Not-in-family,White,Female,0,0,48,United-States,Below-50K
25,Private,Bachelors,13,Married-civ-spouse,Exec-managerial,Wife,White,Female,0,0,30,United-States,Above-50K
31,Local-gov,Bachelors,13,Never-married,Prof-specialty,Not-in-family,White,Female,0,0,50,United-States,Below-50K
47,Private,Some-college,10,Divorced,Adm-clerical,Not-in-family,White,Female,0,0,35,United-States,Below-50K
27,Private,HS-grad,9,Separated,Machine-op-inspct,Unmarried,White,Female,0,0,40,United-States,Below-50K
22,Private,Some-college,10,Never-married,Sales,Not-in-family,White,Female,0,0,17,United-States,Below-50K
59,Private,Some-college,10,Divorced,Exec-managerial,Not-in-family,White,Female,0,0,52,Outlying-US(Guam-USVI-etc),Below-50K
44,State-gov,Bachelors,13,Divorced,Prof-specialty,Not-in-family,White,Female,0,0,40,United-States,Below-50K
29,Private,HS-grad,9,Married-civ-spouse,Adm-clerical,Wife,White,Female,0,0,40,United-States,Below-50K
25,Private,Some-college,10,Never-married,Adm-clerical,Own-child,White,Female,0,0,40,United-States,Below-50K
77,Private,7th-8th,4,Widowed,Priv-house-serv,Unmarried,White,Female,0,0,23,United-States,Below-50K
27,Private,Prof-school,15,Never-married,Prof-specialty,Not-in-family,White,Female,0,0,45,United-States,Below-50K
54,Private,HS-grad,9,Married-civ-spouse,Machine-op-inspct,Wife,White,Female,0,0,40,United-States,Above-50K
27,Local-gov,Bachelors,13,Never-married,Prof-specialty,Own-child,White,Female,0,0,40,United-States,Below-50K
54,Private,Bachelors,13,Widowed,Sales,Unmarried,White,Female,0,0,40,United-States,Below-50K
57,Local-gov,Masters,14,Married-civ-spouse,Prof-specialty,Wife,Black,Female,0,1977,40,United-States,Above-50K
41,Private,HS-grad,9,Divorced,Craft-repair,Unmarried,White,Female,0,0,60,United-States,Below-50K
59,Private,HS-grad,9,Divorced,Adm-clerical,Not-in-family,White,Female,0,0,40,United-States,Below-50K
22,Private,Some-college,10,Never-married,Tech-support,Own-child,White,Female,0,0,40,United-States,Below-50K
43,Self-emp-inc,Bachelors,13,Married-civ-spouse,Sales,Own-child,Asian-Pac-Islander,Female,0,0,40,Philippines,Above-50K
18,Private,12th,8,Never-married,Sales,Own-child,White,Female,0,0,35,United-States,Below-50K
46,Private,5th-6th,3,Married-civ-spouse,Craft-repair,Wife,White,Female,0,0,45,Italy,Below-50K
39,Private,HS-grad,9,Never-married,Sales,Unmarried,White,Female,0,0,60,United-States,Below-50K
50,Private,Some-college,10,Divorced,Craft-repair,Not-in-family,Black,Female,0,0,45,United-States,Below-50K
53,Private,Some-college,10,Married-civ-spouse,Prof-specialty,Wife,White,Female,0,0,24,United-States,Below-50K
32,Private,Assoc-voc,11,Never-married,Exec-managerial,Not-in-family,Black,Female,0,0,35,England,Below-50K
50,Private,Assoc-voc,11,Widowed,Exec-managerial,Unmarried,White,Female,0,0,40,United-States,Below-50K
22,Private,Some-college,10,Never-married,Tech-support,Not-in-family,White,Female,0,0,40,United-States,Below-50K
19,Private,Some-college,10,Never-married,Adm-clerical,Own-child,White,Female,0,0,15,United-States,Below-50K
18,Private,11th,7,Never-married,Sales,Own-child,White,Female,0,0,49,United-States,Below-50K
29,Private,HS-grad,9,Never-married,Handlers-cleaners,Not-in-family,Black,Female,0,0,40,United-States,Below-50K
22,Private,Assoc-voc,11,Never-married,Sales,Not-in-family,Black,Female,0,0,25,United-States,Below-50K
38,Private,Some-college,10,Married-civ-spouse,Sales,Wife,White,Female,0,0,40,United-States,Below-50K
64,Private,Masters,14,Never-married,Prof-specialty,Not-in-family,White,Female,0,0,35,United-States,Below-50K
39,Private,Bachelors,13,Divorced,Exec-managerial,Unmarried,Black,Female,0,0,60,United-States,Below-50K
66,Private,HS-grad,9,Never-married,Adm-clerical,Not-in-family,Asian-Pac-Islander,Female,0,0,40,United-States,Below-50K
35,Private,Bachelors,13,Never-married,Sales,Unmarried,White,Female,0,0,40,United-States,Above-50K
47,Private,HS-grad,9,Divorced,Exec-managerial,Unmarried,White,Female,0,0,45,United-States,Below-50K
32,Private,10th,6,Separated,Craft-repair,Unmarried,White,Female,0,0,40,United-States,Below-50K
60,Private,HS-grad,9,Widowed,Machine-op-inspct,Not-in-family,White,Female,0,0,40,United-States,Below-50K
22,Private,HS-grad,9,Never-married,Adm-clerical,Own-child,White,Female,0,0,28,United-States,Below-50K
33,Private,HS-grad,9,Divorced,Transport-moving,Unmarried,White,Female,0,0,40,United-States,Below-50K
47,Private,Some-college,10,Widowed,Adm-clerical,Unmarried,White,Female,0,0,40,United-States,Below-50K
50,Local-gov,Assoc-acdm,12,Divorced,Prof-specialty,Not-in-family,White,Female,0,0,40,United-States,Below-50K
25,Private,HS-grad,9,Never-married,Exec-managerial,Own-child,White,Female,0,0,40,United-States,Below-50K
46,Private,Some-college,10,Never-married,Adm-clerical,Not-in-family,White,Female,0,0,40,United-States,Below-50K
31,Private,Prof-school,15,Divorced,Prof-specialty,Not-in-family,White,Female,0,0,45,United-States,Above-50K
61,State-gov,HS-grad,9,Widowed,Adm-clerical,Unmarried,Amer-Indian-Eskimo,Female,0,0,40,United-States,Below-50K
40,Private,Some-college,10,Married-civ-spouse,Sales,Wife,White,Female,0,0,40,United-States,Above-50K
28,Local-gov,Some-college,10,Never-married,Exec-managerial,Own-child,White,Female,0,0,40,United-States,Below-50K
49,Private,Bachelors,13,Never-married,Tech-support,Unmarried,Asian-Pac-Islander,Female,0,0,40,India,Below-50K
26,Private,Bachelors,13,Never-married,Sales,Not-in-family,White,Female,0,0,48,United-States,Below-50K
20,Private,Some-college,10,Never-married,Sales,Own-child,White,Female,0,0,30,United-States,Below-50K
25,Self-emp-not-inc,Some-college,10,Never-married,Farming-fishing,Own-child,White,Female,0,0,50,United-States,Below-50K
65,Private,9th,5,Widowed,Sales,Not-in-family,White,Female,0,0,40,United-States,Below-50K
56,Private,11th,7,Separated,Machine-op-inspct,Not-in-family,White,Female,0,0,40,United-States,Below-50K
31,Local-gov,Some-college,10,Never-married,Adm-clerical,Not-in-family,Black,Female,0,0,40,United-States,Below-50K
46,Local-gov,Assoc-voc,11,Divorced,Exec-managerial,Not-in-family,White,Female,0,0,36,United-States,Below-50K
58,Private,HS-grad,9,Widowed,Adm-clerical,Not-in-family,White,Female,0,0,27,United-States,Below-50K
42,Private,HS-grad,9,Married-civ-spouse,Adm-clerical,Wife,White,Female,0,0,35,United-States,Below-50K
61,Private,HS-grad,9,Divorced,Handlers-cleaners,Not-in-family,Black,Female,0,0,40,United-States,Below-50K
23,Private,Bachelors,13,Never-married,Adm-clerical,Not-in-family,Asian-Pac-Islander,Female,0,0,40,United-States,Below-50K
23,Private,Some-college,10,Never-married,Adm-clerical,Own-child,Black,Female,0,0,40,United-States,Below-50K
53,Private,Some-college,10,Divorced,Adm-clerical,Not-in-family,White,Female,0,0,40,United-States,Below-50K
42,Private,HS-grad,9,Divorced,Handlers-cleaners,Unmarried,Black,Female,0,0,40,United-States,Below-50K
52,Local-gov,HS-grad,9,Divorced,Adm-clerical,Unmarried,Black,Female,0,0,40,United-States,Below-50K
29,Private,Bachelors,13,Never-married,Adm-clerical,Not-in-family,White,Female,0,0,40,United-States,Below-50K
26,Private,HS-grad,9,Never-married,Adm-clerical,Not-in-family,White,Female,0,0,40,United-States,Below-50K
28,Private,Some-college,10,Never-married,Adm-clerical,Own-child,White,Female,0,0,26,United-States,Below-50K
28,Private,Some-college,10,Never-married,Adm-clerical,Own-child,Black,Female,0,0,40,Jamaica,Below-50K
31,Private,HS-grad,9,Married-civ-spouse,Machine-op-inspct,Wife,White,Female,4386,0,40,United-States,Above-50K
23,Private,Some-college,10,Never-married,Adm-clerical,Not-in-family,White,Female,0,0,8,United-States,Below-50K
25,Private,Assoc-voc,11,Divorced,Adm-clerical,Unmarried,White,Female,0,0,40,United-States,Below-50K
31,Private,Some-college,10,Divorced,Adm-clerical,Unmarried,White,Female,0,0,38,United-States,Below-50K
31,Federal-gov,HS-grad,9,Never-married,Handlers-cleaners,Own-child,White,Female,0,0,40,United-States,Below-50K
28,Private,Some-college,10,Divorced,Adm-clerical,Unmarried,White,Female,0,0,40,United-States,Below-50K
50,Self-emp-not-inc,Assoc-acdm,12,Never-married,Sales,Not-in-family,White,Female,0,1408,5,United-States,Below-50K
44,Private,Some-college,10,Divorced,Adm-clerical,Unmarried,White,Female,0,0,57,United-States,Below-50K
21,Private,Some-college,10,Never-married,Adm-clerical,Own-child,White,Female,2176,0,20,United-States,Below-50K
55,Private,HS-grad,9,Widowed,Adm-clerical,Not-in-family,White,Female,0,0,40,United-States,Below-50K
21,Private,Some-college,10,Never-married,Sales,Own-child,White,Female,0,0,47,United-States,Below-50K
35,Federal-gov,Bachelors,13,Never-married,Prof-specialty,Own-child,White,Female,0,0,40,United-States,Below-50K
28,Private,Prof-school,15,Never-married,Prof-specialty,Not-in-family,White,Female,0,0,85,United-States,Below-50K
40,Private,Assoc-voc,11,Separated,Craft-repair,Not-in-family,White,Female,0,0,60,United-States,Below-50K
22,Private,Some-college,10,Never-married,Sales,Own-child,White,Female,0,0,30,United-States,Below-50K
41,Private,Some-college,10,Divorced,Adm-clerical,Own-child,Black,Female,0,0,40,United-States,Below-50K
46,Private,HS-grad,9,Divorced,Exec-managerial,Not-in-family,White,Female,0,0,40,United-States,Below-50K
19,Private,HS-grad,9,Never-married,Machine-op-inspct,Own-child,White,Female,0,0,40,United-States,Below-50K
17,Private,11th,7,Never-married,Priv-house-serv,Own-child,White,Female,0,0,20,United-States,Below-50K
22,Private,HS-grad,9,Never-married,Exec-managerial,Own-child,White,Female,0,0,40,United-States,Below-50K
41,Private,Some-college,10,Married-civ-spouse,Prof-specialty,Wife,White,Female,0,0,32,United-States,Above-50K
41,Private,Masters,14,Divorced,Exec-managerial,Unmarried,White,Female,0,0,40,United-States,Below-50K
36,Private,Some-college,10,Divorced,Exec-managerial,Unmarried,Black,Female,0,0,38,United-States,Below-50K
36,Local-gov,HS-grad,9,Divorced,Adm-clerical,Unmarried,White,Female,0,0,40,United-States,Below-50K
50,Private,Some-college,10,Divorced,Adm-clerical,Unmarried,Black,Female,0,0,40,United-States,Below-50K
37,Self-emp-not-inc,Doctorate,16,Never-married,Prof-specialty,Not-in-family,White,Female,0,2559,60,United-States,Above-50K
27,Private,Some-college,10,Never-married,Adm-clerical,Own-child,White,Female,0,0,40,United-States,Below-50K
50,Private,HS-grad,9,Divorced,Adm-clerical,Not-in-family,White,Female,0,0,40,United-States,Below-50K
42,Private,Some-college,10,Widowed,Exec-managerial,Not-in-family,White,Female,0,0,55,United-States,Below-50K
46,Private,HS-grad,9,Never-married,Craft-repair,Not-in-family,White,Female,0,0,48,United-States,Below-50K
43,Local-gov,Some-college,10,Divorced,Protective-serv,Unmarried,White,Female,0,0,40,United-States,Below-50K
23,Private,Bachelors,13,Never-married,Adm-clerical,Own-child,White,Female,0,0,40,United-States,Below-50K
45,Private,Assoc-voc,11,Never-married,Prof-specialty,Not-in-family,White,Female,0,1564,40,United-States,Above-50K
41,Private,HS-grad,9,Widowed,Machine-op-inspct,Not-in-family,White,Female,0,0,40,United-States,Below-50K
33,Local-gov,HS-grad,9,Divorced,Tech-support,Not-in-family,White,Female,0,0,55,United-States,Below-50K
24,Private,Masters,14,Never-married,Prof-specialty,Not-in-family,White,Female,0,0,40,United-States,Below-50K
27,Private,Bachelors,13,Never-married,Adm-clerical,Not-in-family,Black,Female,0,0,40,United-States,Below-50K
17,Private,10th,6,Never-married,Sales,Own-child,White,Female,0,0,20,United-States,Below-50K
44,Private,10th,6,Divorced,Adm-clerical,Unmarried,White,Female,0,0,40,United-States,Below-50K
22,Private,Some-college,10,Never-married,Prof-specialty,Not-in-family,White,Female,0,0,40,United-States,Below-50K
22,Private,Some-college,10,Married-civ-spouse,Sales,Wife,White,Female,0,0,30,Germany,Below-50K
23,Private,Assoc-acdm,12,Never-married,Adm-clerical,Not-in-family,White,Female,0,0,20,United-States,Below-50K
42,Private,Some-college,10,Divorced,Adm-clerical,Unmarried,White,Female,0,0,38,United-States,Below-50K
29,Private,Some-college,10,Never-married,Sales,Unmarried,White,Female,0,0,25,United-States,Below-50K
31,State-gov,Masters,14,Divorced,Exec-managerial,Unmarried,White,Female,0,0,50,United-States,Above-50K
47,Federal-gov,HS-grad,9,Married-spouse-absent,Adm-clerical,Not-in-family,Black,Female,0,0,40,Puerto-Rico,Below-50K
25,Private,HS-grad,9,Never-married,Machine-op-inspct,Own-child,White,Female,2176,0,40,United-States,Below-50K
24,Private,Preschool,1,Never-married,Machine-op-inspct,Own-child,White,Female,0,0,30,United-States,Below-50K
72,Federal-gov,Some-college,10,Widowed,Tech-support,Not-in-family,White,Female,0,0,16,United-States,Below-50K
38,Private,Assoc-voc,11,Divorced,Adm-clerical,Unmarried,White,Female,0,0,40,United-States,Below-50K
40,Private,Assoc-acdm,12,Divorced,Exec-managerial,Not-in-family,White,Female,0,0,40,United-States,Below-50K
44,Private,Bachelors,13,Divorced,Prof-specialty,Unmarried,White,Female,0,0,40,United-States,Below-50K
60,State-gov,Bachelors,13,Divorced,Exec-managerial,Not-in-family,White,Female,0,0,35,United-States,Below-50K
30,Private,HS-grad,9,Married-civ-spouse,Adm-clerical,Wife,White,Female,7298,0,40,United-States,Above-50K
45,State-gov,Prof-school,15,Divorced,Prof-specialty,Unmarried,White,Female,0,0,43,United-States,Below-50K
32,Private,Assoc-acdm,12,Never-married,Adm-clerical,Not-in-family,White,Female,0,0,45,United-States,Below-50K
44,Private,Doctorate,16,Married-civ-spouse,Exec-managerial,Wife,White,Female,15024,0,32,United-States,Above-50K
50,Local-gov,Masters,14,Married-civ-spouse,Prof-specialty,Wife,White,Female,15024,0,40,United-States,Above-50K
69,Private,HS-grad,9,Married-civ-spouse,Sales,Wife,White,Female,0,0,40,United-States,Below-50K
38,Private,10th,6,Divorced,Machine-op-inspct,Not-in-family,White,Female,0,0,40,United-States,Below-50K
20,Private,HS-grad,9,Never-married,Sales,Own-child,White,Female,0,0,23,United-States,Below-50K
34,Private,Some-college,10,Divorced,Sales,Not-in-family,White,Female,0,0,60,United-States,Below-50K
22,Private,Some-college,10,Never-married,Adm-clerical,Own-child,White,Female,0,0,40,United-States,Below-50K
42,Private,HS-grad,9,Married-civ-spouse,Exec-managerial,Wife,White,Female,0,0,40,United-States,Below-50K
42,Private,HS-grad,9,Married-civ-spouse,Machine-op-inspct,Wife,White,Female,7298,0,40,United-States,Above-50K
17,Private,10th,6,Never-married,Sales,Own-child,White,Female,0,0,20,United-States,Below-50K
32,Local-gov,HS-grad,9,Married-civ-spouse,Transport-moving,Wife,White,Female,4064,0,22,United-States,Below-50K
32,Private,Assoc-acdm,12,Never-married,Adm-clerical,Not-in-family,White,Female,0,0,40,United-States,Below-50K
52,Private,Some-college,10,Divorced,Adm-clerical,Unmarried,White,Female,0,0,40,United-States,Below-50K
39,Self-emp-inc,Bachelors,13,Married-civ-spouse,Prof-specialty,Wife,White,Female,0,0,40,United-States,Below-50K
59,Private,HS-grad,9,Divorced,Adm-clerical,Not-in-family,White,Female,0,0,40,United-States,Below-50K
35,Private,Some-college,10,Married-civ-spouse,Adm-clerical,Wife,White,Female,7688,0,20,United-States,Above-50K
31,Private,Some-college,10,Divorced,Adm-clerical,Unmarried,Black,Female,0,0,40,United-States,Below-50K
24,Private,Some-college,10,Never-married,Adm-clerical,Not-in-family,Black,Female,0,0,35,United-States,Below-50K
29,Private,Some-college,10,Married-spouse-absent,Sales,Own-child,Asian-Pac-Islander,Female,0,0,26,India,Below-50K
22,Private,HS-grad,9,Never-married,Tech-support,Not-in-family,White,Female,0,0,40,United-States,Below-50K
42,State-gov,Prof-school,15,Divorced,Prof-specialty,Unmarried,White,Female,0,0,40,United-States,Below-50K
39,Local-gov,Some-college,10,Never-married,Adm-clerical,Not-in-family,White,Female,2202,0,44,United-States,Below-50K
38,Federal-gov,Prof-school,15,Never-married,Prof-specialty,Not-in-family,Asian-Pac-Islander,Female,99999,0,57,Canada,Above-50K
24,Private,Some-college,10,Never-married,Adm-clerical,Own-child,Black,Female,0,0,40,United-States,Below-50K
43,Self-emp-not-inc,Bachelors,13,Married-civ-spouse,Prof-specialty,Wife,White,Female,0,0,35,United-States,Below-50K
41,Private,Some-college,10,Married-civ-spouse,Adm-clerical,Wife,White,Female,0,0,40,United-States,Below-50K
36,Private,HS-grad,9,Divorced,Exec-managerial,Unmarried,White,Female,0,0,50,United-States,Below-50K
56,Federal-gov,Some-college,10,Divorced,Adm-clerical,Not-in-family,Black,Female,0,0,40,United-States,Below-50K
43,Local-gov,Masters,14,Divorced,Prof-specialty,Unmarried,Black,Female,9562,0,40,United-States,Above-50K
37,Private,HS-grad,9,Married-civ-spouse,Handlers-cleaners,Wife,White,Female,0,0,40,United-States,Above-50K
66,Local-gov,Doctorate,16,Divorced,Prof-specialty,Not-in-family,White,Female,3273,0,40,United-States,Below-50K
32,Private,7th-8th,4,Separated,Sales,Unmarried,White,Female,0,0,35,United-States,Below-50K
88,Private,Some-college,10,Divorced,Adm-clerical,Unmarried,White,Female,0,0,40,United-States,Below-50K
61,Private,HS-grad,9,Never-married,Adm-clerical,Not-in-family,White,Female,0,0,40,United-States,Below-50K
47,Private,Some-college,10,Divorced,Exec-managerial,Unmarried,White,Female,0,0,40,United-States,Below-50K
31,Private,HS-grad,9,Never-married,Farming-fishing,Own-child,White,Female,0,0,40,United-States,Below-50K
43,Local-gov,Masters,14,Married-civ-spouse,Exec-managerial,Wife,Amer-Indian-Eskimo,Female,0,0,50,United-States,Above-50K
20,Private,Some-college,10,Never-married,Handlers-cleaners,Own-child,White,Female,0,0,40,United-States,Below-50K
39,Private,Some-college,10,Divorced,Adm-clerical,Not-in-family,White,Female,0,0,45,United-States,Below-50K
26,Private,Masters,14,Married-civ-spouse,Sales,Wife,White,Female,0,0,40,United-States,Below-50K
46,Private,Bachelors,13,Divorced,Prof-specialty,Not-in-family,Black,Female,0,0,40,United-States,Below-50K
17,Private,11th,7,Never-married,Priv-house-serv,Own-child,White,Female,0,0,25,United-States,Below-50K
40,Private,Masters,14,Married-civ-spouse,Prof-specialty,Wife,White,Female,15024,0,24,United-States,Above-50K
41,Local-gov,Bachelors,13,Married-civ-spouse,Prof-specialty,Wife,White,Female,0,1740,20,United-States,Below-50K
56,State-gov,Some-college,10,Divorced,Adm-clerical,Not-in-family,White,Female,0,0,35,United-States,Below-50K
29,Private,HS-grad,9,Separated,Adm-clerical,Own-child,White,Female,0,0,40,United-States,Below-50K
43,Private,Masters,14,Divorced,Exec-managerial,Unmarried,White,Female,0,2547,40,United-States,Above-50K
23,Self-emp-inc,Some-college,10,Never-married,Prof-specialty,Not-in-family,White,Male,0,0,50,United-States,Below-50K
41,Private,1st-4th,2,Married-civ-spouse,Craft-repair,Husband,White,Male,0,0,35,Mexico,Below-50K
21,Private,HS-grad,9,Married-civ-spouse,Handlers-cleaners,Husband,White,Male,0,0,40,United-States,Below-50K
30,Private,HS-grad,9,Separated,Transport-moving,Not-in-family,White,Male,0,0,44,United-States,Below-50K
47,Private,Bachelors,13,Married-civ-spouse,Exec-managerial,Husband,White,Male,7298,0,44,United-States,Above-50K
20,Private,Some-college,10,Never-married,Handlers-cleaners,Own-child,White,Male,0,0,20,United-States,Below-50K
37,Private,HS-grad,9,Married-civ-spouse,Transport-moving,Husband,White,Male,0,0,40,United-States,Below-50K
49,State-gov,Some-college,10,Married-civ-spouse,Farming-fishing,Husband,White,Male,0,0,40,United-States,Below-50K
22,Private,Bachelors,13,Never-married,Sales,Own-child,White,Male,0,0,40,United-States,Below-50K
29,Local-gov,Some-college,10,Never-married,Exec-managerial,Not-in-family,White,Male,0,0,40,Iran,Below-50K
21,Private,HS-grad,9,Never-married,Machine-op-inspct,Own-child,White,Male,0,0,30,United-States,Below-50K
29,Private,HS-grad,9,Never-married,Craft-repair,Not-in-family,Black,Male,0,0,40,United-States,Below-50K
51,Self-emp-inc,Assoc-acdm,12,Married-civ-spouse,Sales,Husband,White,Male,0,0,38,United-States,Above-50K
58,Private,HS-grad,9,Married-civ-spouse,Machine-op-inspct,Husband,White,Male,0,0,40,United-States,Below-50K
52,Private,HS-grad,9,Married-civ-spouse,Sales,Husband,White,Male,0,0,14,United-States,Below-50K
58,Local-gov,12th,8,Married-civ-spouse,Farming-fishing,Husband,White,Male,0,0,40,United-States,Below-50K
44,Private,Assoc-acdm,12,Married-civ-spouse,Exec-managerial,Husband,White,Male,4386,0,45,United-States,Above-50K
34,Private,Some-college,10,Divorced,Exec-managerial,Not-in-family,White,Male,0,0,50,United-States,Below-50K
23,Private,Some-college,10,Never-married,Adm-clerical,Own-child,Black,Male,0,0,20,United-States,Below-50K
42,Local-gov,Some-college,10,Married-civ-spouse,Protective-serv,Husband,White,Male,0,0,52,United-States,Above-50K
27,Private,Assoc-voc,11,Married-civ-spouse,Sales,Husband,White,Male,0,0,45,United-States,Below-50K
34,Private,HS-grad,9,Married-civ-spouse,Craft-repair,Husband,White,Male,0,0,35,United-States,Above-50K
58,Private,HS-grad,9,Divorced,Machine-op-inspct,Not-in-family,White,Male,3325,0,30,United-States,Below-50K
49,Private,7th-8th,4,Divorced,Craft-repair,Not-in-family,White,Male,0,0,70,United-States,Below-50K
37,Federal-gov,HS-grad,9,Married-civ-spouse,Adm-clerical,Husband,Black,Male,0,0,40,United-States,Below-50K
46,Private,HS-grad,9,Married-civ-spouse,Handlers-cleaners,Husband,White,Male,0,0,40,United-States,Below-50K
36,Private,Bachelors,13,Married-civ-spouse,Craft-repair,Husband,White,Male,0,0,50,United-States,Above-50K
51,Private,Bachelors,13,Married-civ-spouse,Handlers-cleaners,Husband,White,Male,0,0,40,United-States,Below-50K
51,Private,7th-8th,4,Married-civ-spouse,Transport-moving,Husband,Black,Male,0,0,40,United-States,Below-50K
26,Private,Bachelors,13,Never-married,Prof-specialty,Not-in-family,White,Male,0,0,70,United-States,Below-50K
59,Self-emp-not-inc,Prof-school,15,Married-civ-spouse,Sales,Husband,White,Male,0,0,25,United-States,Below-50K
36,Self-emp-not-inc,HS-grad,9,Married-civ-spouse,Craft-repair,Husband,White,Male,2885,0,40,United-States,Below-50K
29,Federal-gov,Bachelors,13,Married-AF-spouse,Prof-specialty,Husband,White,Male,0,0,50,United-States,Above-50K
20,Private,HS-grad,9,Never-married,Sales,Not-in-family,White,Male,0,0,30,United-States,Below-50K
40,Self-emp-not-inc,Assoc-acdm,12,Married-civ-spouse,Farming-fishing,Husband,White,Male,0,0,50,United-States,Above-50K
54,Private,HS-grad,9,Married-civ-spouse,Craft-repair,Husband,Asian-Pac-Islander,Male,0,1902,40,United-States,Above-50K
26,Private,HS-grad,9,Never-married,Handlers-cleaners,Own-child,Black,Male,0,0,48,United-States,Below-50K
36,Private,HS-grad,9,Married-civ-spouse,Transport-moving,Husband,White,Male,0,0,60,United-States,Above-50K
48,Private,HS-grad,9,Married-civ-spouse,Transport-moving,Husband,White,Male,0,0,44,United-States,Below-50K
43,Private,Some-college,10,Married-civ-spouse,Craft-repair,Husband,White,Male,4064,0,38,United-States,Below-50K
58,Private,HS-grad,9,Married-civ-spouse,Craft-repair,Husband,White,Male,0,0,50,United-States,Below-50K
38,Private,7th-8th,4,Married-civ-spouse,Adm-clerical,Husband,White,Male,0,0,40,United-States,Below-50K
23,Private,HS-grad,9,Never-married,Craft-repair,Not-in-family,White,Male,0,0,40,United-States,Below-50K
37,Private,HS-grad,9,Married-civ-spouse,Craft-repair,Husband,White,Male,0,0,40,United-States,Below-50K
29,State-gov,Assoc-acdm,12,Never-married,Prof-specialty,Not-in-family,Black,Male,0,0,40,United-States,Above-50K
63,Private,Masters,14,Married-civ-spouse,Handlers-cleaners,Husband,White,Male,0,0,46,United-States,Below-50K
32,Private,HS-grad,9,Married-civ-spouse,Sales,Husband,White,Male,0,0,55,United-States,Above-50K
54,Private,HS-grad,9,Married-civ-spouse,Exec-managerial,Husband,White,Male,0,1902,55,United-States,Above-50K
39,Private,Assoc-acdm,12,Married-civ-spouse,Exec-managerial,Husband,White,Male,0,0,50,United-States,Above-50K
58,Private,HS-grad,9,Divorced,Sales,Not-in-family,White,Male,0,0,36,United-States,Below-50K
50,Private,12th,8,Married-civ-spouse,Sales,Husband,Asian-Pac-Islander,Male,0,0,40,Cambodia,Above-50K
36,Private,Assoc-acdm,12,Never-married,Transport-moving,Not-in-family,White,Male,0,0,55,Iran,Below-50K
36,State-gov,HS-grad,9,Married-civ-spouse,Protective-serv,Husband,White,Male,7298,0,40,United-States,Above-50K
55,Self-emp-not-inc,Assoc-acdm,12,Married-civ-spouse,Exec-managerial,Husband,White,Male,0,0,55,United-States,Above-50K
40,Self-emp-not-inc,Bachelors,13,Married-civ-spouse,Craft-repair,Husband,White,Male,0,0,30,United-States,Below-50K
27,Private,Some-college,10,Never-married,Sales,Not-in-family,White,Male,0,0,50,United-States,Below-50K
40,Private,HS-grad,9,Married-civ-spouse,Adm-clerical,Husband,White,Male,0,0,40,United-States,Below-50K
33,Private,Bachelors,13,Never-married,Sales,Not-in-family,White,Male,0,0,45,United-States,Above-50K
57,Private,11th,7,Married-civ-spouse,Machine-op-inspct,Husband,White,Male,0,0,40,United-States,Below-50K
54,Private,7th-8th,4,Married-civ-spouse,Craft-repair,Husband,White,Male,0,0,40,United-States,Below-50K
26,Private,Some-college,10,Divorced,Tech-support,Not-in-family,White,Male,0,0,60,United-States,Below-50K
36,Self-emp-not-inc,HS-grad,9,Married-civ-spouse,Farming-fishing,Husband,White,Male,0,0,84,United-States,Below-50K
45,Private,HS-grad,9,Married-civ-spouse,Craft-repair,Husband,White,Male,0,0,40,United-States,Below-50K
56,Private,Bachelors,13,Never-married,Exec-managerial,Not-in-family,White,Male,14084,0,45,United-States,Above-50K
31,Private,Some-college,10,Never-married,Adm-clerical,Not-in-family,White,Male,0,0,40,United-States,Below-50K
28,Private,Some-college,10,Separated,Handlers-cleaners,Not-in-family,Black,Male,0,0,40,United-States,Below-50K
23,Private,HS-grad,9,Married-civ-spouse,Machine-op-inspct,Husband,White,Male,0,0,40,United-States,Below-50K
42,Self-emp-inc,HS-grad,9,Divorced,Sales,Unmarried,White,Male,1151,0,50,United-States,Below-50K
24,Private,Some-college,10,Married-civ-spouse,Transport-moving,Husband,White,Male,0,0,70,United-States,Above-50K
30,Private,Some-college,10,Married-civ-spouse,Craft-repair,Husband,White,Male,0,0,40,United-States,Below-50K
35,Private,HS-grad,9,Married-civ-spouse,Handlers-cleaners,Husband,White,Male,0,0,40,United-States,Below-50K
46,Private,Assoc-acdm,12,Married-civ-spouse,Craft-repair,Husband,White,Male,0,0,40,United-States,Above-50K
39,Private,HS-grad,9,Married-civ-spouse,Machine-op-inspct,Husband,White,Male,2829,0,40,United-States,Below-50K
41,Private,HS-grad,9,Married-civ-spouse,Sales,Husband,Amer-Indian-Eskimo,Male,0,0,50,United-States,Below-50K
50,Self-emp-not-inc,Prof-school,15,Married-civ-spouse,Prof-specialty,Husband,White,Male,0,0,50,United-States,Above-50K
29,Private,Bachelors,13,Never-married,Tech-support,Not-in-family,White,Male,0,0,40,United-States,Below-50K
83,Self-emp-inc,HS-grad,9,Divorced,Sales,Not-in-family,White,Male,0,0,20,United-States,Below-50K
59,Private,HS-grad,9,Married-civ-spouse,Transport-moving,Husband,White,Male,0,0,40,United-States,Above-50K
30,Private,Some-college,10,Never-married,Exec-managerial,Not-in-family,White,Male,0,0,52,United-States,Below-50K
34,Private,Bachelors,13,Married-civ-spouse,Prof-specialty,Husband,White,Male,0,0,40,Iran,Above-50K
27,Private,9th,5,Never-married,Farming-fishing,Own-child,White,Male,0,0,40,United-States,Below-50K
57,Private,Some-college,10,Married-civ-spouse,Prof-specialty,Husband,White,Male,0,0,40,United-States,Above-50K
30,Private,HS-grad,9,Married-civ-spouse,Machine-op-inspct,Husband,White,Male,0,0,40,United-States,Above-50K
42,Self-emp-not-inc,HS-grad,9,Divorced,Exec-managerial,Unmarried,White,Male,0,0,55,United-States,Below-50K
42,Private,Some-college,10,Divorced,Exec-managerial,Not-in-family,White,Male,0,1408,40,United-States,Below-50K
48,State-gov,Some-college,10,Married-civ-spouse,Protective-serv,Husband,White,Male,0,1902,40,United-States,Above-50K
26,Private,Bachelors,13,Never-married,Adm-clerical,Own-child,Asian-Pac-Islander,Male,0,0,40,Taiwan,Below-50K
68,Self-emp-not-inc,11th,7,Never-married,Farming-fishing,Unmarried,White,Male,0,0,20,United-States,Below-50K
34,Local-gov,HS-grad,9,Never-married,Farming-fishing,Not-in-family,Black,Male,594,0,60,United-States,Below-50K
40,Private,Assoc-voc,11,Married-civ-spouse,Exec-managerial,Husband,White,Male,0,0,50,United-States,Above-50K
37,Self-emp-not-inc,Some-college,10,Married-civ-spouse,Farming-fishing,Husband,White,Male,0,0,84,United-States,Below-50K
25,Private,Some-college,10,Married-civ-spouse,Machine-op-inspct,Husband,White,Male,0,0,40,United-States,Below-50K
46,Private,Bachelors,13,Married-civ-spouse,Craft-repair,Husband,White,Male,0,0,44,United-States,Above-50K
37,Private,Bachelors,13,Never-married,Exec-managerial,Not-in-family,White,Male,0,2824,40,United-States,Above-50K
34,Private,11th,7,Divorced,Handlers-cleaners,Not-in-family,White,Male,0,0,43,United-States,Below-50K
27,Private,5th-6th,3,Never-married,Transport-moving,Not-in-family,White,Male,0,0,40,Mexico,Below-50K
24,Private,Bachelors,13,Never-married,Sales,Not-in-family,White,Male,0,0,30,United-States,Below-50K
32,Private,Bachelors,13,Married-civ-spouse,Adm-clerical,Husband,White,Male,0,0,44,United-States,Below-50K
39,Private,Some-college,10,Divorced,Craft-repair,Not-in-family,White,Male,0,0,40,United-States,Below-50K
50,Private,Bachelors,13,Married-civ-spouse,Farming-fishing,Husband,White,Male,0,0,45,United-States,Above-50K
30,Private,Bachelors,13,Never-married,Prof-specialty,Not-in-family,White,Male,0,0,50,United-States,Below-50K
43,Private,Assoc-acdm,12,Married-civ-spouse,Transport-moving,Husband,White,Male,0,0,40,United-States,Below-50K
22,Private,Some-college,10,Never-married,Adm-clerical,Own-child,White,Male,0,0,35,United-States,Below-50K
44,Self-emp-not-inc,Bachelors,13,Married-civ-spouse,Farming-fishing,Husband,White,Male,0,0,90,United-States,Below-50K
51,Private,Some-college,10,Never-married,Machine-op-inspct,Not-in-family,White,Male,0,0,21,United-States,Below-50K
29,Local-gov,Some-college,10,Never-married,Protective-serv,Own-child,White,Male,0,0,48,United-States,Below-50K
57,Private,Assoc-voc,11,Married-civ-spouse,Prof-specialty,Husband,White,Male,0,1902,45,United-States,Below-50K
55,Local-gov,HS-grad,9,Married-civ-spouse,Handlers-cleaners,Husband,White,Male,0,0,40,United-States,Below-50K
47,Self-emp-inc,Bachelors,13,Never-married,Sales,Own-child,White,Male,0,0,40,United-States,Above-50K
43,Self-emp-not-inc,HS-grad,9,Married-civ-spouse,Sales,Husband,White,Male,0,0,45,United-States,Below-50K
44,Private,HS-grad,9,Married-civ-spouse,Tech-support,Husband,White,Male,0,0,45,United-States,Above-50K
21,Private,Some-college,10,Never-married,Handlers-cleaners,Own-child,White,Male,0,0,40,United-States,Below-50K
26,Local-gov,Bachelors,13,Married-civ-spouse,Prof-specialty,Husband,White,Male,0,0,40,United-States,Below-50K
31,Private,HS-grad,9,Married-civ-spouse,Exec-managerial,Husband,White,Male,0,0,40,United-States,Above-50K
36,Local-gov,Assoc-voc,11,Never-married,Protective-serv,Not-in-family,White,Male,0,0,40,United-States,Above-50K
55,Private,Masters,14,Married-civ-spouse,Sales,Husband,White,Male,0,0,50,United-States,Above-50K
20,Private,Some-college,10,Never-married,Handlers-cleaners,Own-child,White,Male,0,0,40,United-States,Below-50K
29,Self-emp-inc,Doctorate,16,Married-civ-spouse,Prof-specialty,Husband,White,Male,0,0,35,United-States,Above-50K
33,Private,Some-college,10,Married-civ-spouse,Craft-repair,Husband,White,Male,0,1740,40,United-States,Below-50K
57,Self-emp-inc,Prof-school,15,Married-civ-spouse,Prof-specialty,Husband,White,Male,0,0,40,United-States,Below-50K
43,Federal-gov,Bachelors,13,Married-civ-spouse,Prof-specialty,Husband,White,Male,0,0,40,United-States,Below-50K
32,Private,Assoc-voc,11,Married-civ-spouse,Adm-clerical,Husband,White,Male,0,0,40,Italy,Below-50K
29,Private,Masters,14,Never-married,Prof-specialty,Not-in-family,White,Male,0,0,55,Scotland,Below-50K
33,Federal-gov,Masters,14,Married-civ-spouse,Transport-moving,Husband,Black,Male,0,0,40,Nicaragua,Below-50K
57,Private,Masters,14,Married-civ-spouse,Prof-specialty,Husband,White,Male,0,0,60,United-States,Above-50K
43,Private,Some-college,10,Married-civ-spouse,Sales,Husband,White,Male,7688,0,40,United-States,Above-50K
28,State-gov,Some-college,10,Separated,Exec-managerial,Own-child,White,Male,0,2339,40,United-States,Below-50K
50,State-gov,Bachelors,13,Married-spouse-absent,Prof-specialty,Not-in-family,White,Male,6849,0,40,United-States,Below-50K
25,Self-emp-not-inc,HS-grad,9,Married-civ-spouse,Craft-repair,Husband,White,Male,0,0,40,United-States,Below-50K
60,Private,Assoc-voc,11,Widowed,Adm-clerical,Not-in-family,White,Male,0,0,40,United-States,Below-50K
38,State-gov,Doctorate,16,Married-civ-spouse,Prof-specialty,Husband,White,Male,0,0,40,United-States,Above-50K
48,Self-emp-inc,HS-grad,9,Married-civ-spouse,Craft-repair,Husband,White,Male,0,0,60,United-States,Above-50K
36,Local-gov,Some-college,10,Married-civ-spouse,Protective-serv,Husband,White,Male,0,0,48,United-States,Below-50K
31,Private,HS-grad,9,Never-married,Craft-repair,Not-in-family,White,Male,0,0,50,United-States,Below-50K
41,Private,Bachelors,13,Married-civ-spouse,Exec-managerial,Husband,White,Male,7688,0,50,United-States,Above-50K
35,Private,10th,6,Married-civ-spouse,Machine-op-inspct,Husband,White,Male,0,0,50,United-States,Below-50K
45,Private,7th-8th,4,Married-civ-spouse,Machine-op-inspct,Husband,Black,Male,0,0,40,United-States,Below-50K
25,Private,HS-grad,9,Married-civ-spouse,Handlers-cleaners,Husband,White,Male,0,0,40,United-States,Below-50K
41,Private,Some-college,10,Married-civ-spouse,Exec-managerial,Husband,White,Male,0,0,60,United-States,Above-50K
49,Private,HS-grad,9,Married-civ-spouse,Craft-repair,Husband,White,Male,7298,0,40,United-States,Above-50K
22,Private,Some-college,10,Never-married,Exec-managerial,Not-in-family,White,Male,0,0,35,United-States,Below-50K
37,Private,Some-college,10,Married-civ-spouse,Handlers-cleaners,Husband,Black,Male,0,0,40,United-States,Above-50K
30,Private,HS-grad,9,Married-civ-spouse,Sales,Husband,White,Male,0,0,52,United-States,Above-50K
46,Private,Some-college,10,Married-civ-spouse,Adm-clerical,Husband,White,Male,0,0,40,United-States,Below-50K
24,Private,Some-college,10,Never-married,Craft-repair,Own-child,White,Male,0,0,40,United-States,Below-50K
30,Private,HS-grad,9,Never-married,Craft-repair,Own-child,White,Male,0,0,48,United-States,Below-50K
17,Private,11th,7,Never-married,Handlers-cleaners,Own-child,White,Male,0,0,40,United-States,Below-50K
20,Private,HS-grad,9,Never-married,Handlers-cleaners,Own-child,White,Male,0,0,40,United-States,Below-50K
66,Private,Some-college,10,Married-civ-spouse,Protective-serv,Husband,White,Male,0,0,40,Canada,Below-50K
24,Private,HS-grad,9,Never-married,Craft-repair,Not-in-family,White,Male,0,0,40,United-States,Below-50K
23,Private,HS-grad,9,Married-civ-spouse,Sales,Husband,White,Male,0,0,45,United-States,Below-50K
38,Private,Bachelors,13,Married-civ-spouse,Sales,Husband,White,Male,15024,0,60,United-States,Above-50K
27,Private,Some-college,10,Never-married,Craft-repair,Not-in-family,White,Male,0,0,40,United-States,Below-50K
47,Private,Some-college,10,Divorced,Sales,Unmarried,White,Male,0,0,50,United-States,Below-50K
44,Private,HS-grad,9,Divorced,Transport-moving,Not-in-family,White,Male,0,0,68,United-States,Below-50K
25,Private,Bachelors,13,Never-married,Tech-support,Unmarried,White,Male,0,0,40,United-States,Below-50K
56,Private,Some-college,10,Married-civ-spouse,Sales,Husband,White,Male,0,1848,50,United-States,Above-50K
20,Private,Some-college,10,Never-married,Handlers-cleaners,Own-child,White,Male,0,0,20,United-States,Below-50K
23,Private,Bachelors,13,Married-civ-spouse,Exec-managerial,Husband,White,Male,0,0,40,United-States,Below-50K
75,Self-emp-not-inc,Masters,14,Widowed,Sales,Not-in-family,White,Male,0,0,45,United-States,Below-50K
51,Local-gov,Bachelors,13,Married-civ-spouse,Prof-specialty,Husband,White,Male,0,0,26,United-States,Below-50K
38,Private,HS-grad,9,Married-civ-spouse,Exec-managerial,Husband,White,Male,0,0,50,United-States,Below-50K
23,Private,Some-college,10,Never-married,Machine-op-inspct,Own-child,White,Male,0,0,25,United-States,Below-50K
33,Private,9th,5,Never-married,Machine-op-inspct,Not-in-family,White,Male,0,0,50,United-States,Below-50K
30,Private,Bachelors,13,Married-civ-spouse,Exec-managerial,Husband,White,Male,0,0,50,United-States,Below-50K
57,Federal-gov,Some-college,10,Married-civ-spouse,Exec-managerial,Husband,White,Male,0,0,40,United-States,Above-50K
53,Federal-gov,Bachelors,13,Divorced,Tech-support,Not-in-family,Amer-Indian-Eskimo,Male,0,0,40,United-States,Below-50K
44,Self-emp-not-inc,HS-grad,9,Married-civ-spouse,Craft-repair,Husband,White,Male,7298,0,50,England,Above-50K
17,Private,11th,7,Never-married,Craft-repair,Own-child,White,Male,0,0,20,United-States,Below-50K
38,Self-emp-not-inc,HS-grad,9,Married-civ-spouse,Craft-repair,Husband,White,Male,0,0,50,United-States,Below-50K
37,Private,11th,7,Married-civ-spouse,Transport-moving,Husband,White,Male,0,0,40,United-States,Below-50K
36,Self-emp-not-inc,HS-grad,9,Married-civ-spouse,Exec-managerial,Husband,White,Male,0,0,50,United-States,Below-50K
41,Private,Assoc-voc,11,Married-civ-spouse,Exec-managerial,Husband,White,Male,0,0,40,United-States,Above-50K
33,Private,Bachelors,13,Married-civ-spouse,Exec-managerial,Husband,White,Male,0,0,45,United-States,Above-50K
28,Federal-gov,HS-grad,9,Never-married,Craft-repair,Not-in-family,White,Male,0,0,40,United-States,Below-50K
40,Private,Some-college,10,Divorced,Tech-support,Not-in-family,White,Male,0,0,30,Guatemala,Above-50K
40,Private,10th,6,Married-civ-spouse,Exec-managerial,Husband,White,Male,0,0,40,United-States,Above-50K
49,Self-emp-inc,Some-college,10,Divorced,Exec-managerial,Not-in-family,White,Male,0,2339,50,United-States,Below-50K
47,Private,Some-college,10,Divorced,Sales,Own-child,White,Male,0,0,55,United-States,Below-50K
29,Private,Bachelors,13,Never-married,Sales,Not-in-family,White,Male,0,0,50,United-States,Above-50K
51,Private,HS-grad,9,Married-civ-spouse,Craft-repair,Husband,White,Male,0,0,40,United-States,Below-50K
31,Private,Some-college,10,Married-civ-spouse,Craft-repair,Husband,Asian-Pac-Islander,Male,0,0,40,United-States,Below-50K
32,Private,Some-college,10,Married-civ-spouse,Machine-op-inspct,Husband,Asian-Pac-Islander,Male,0,0,40,Philippines,Below-50K
64,Self-emp-not-inc,Doctorate,16,Married-civ-spouse,Exec-managerial,Husband,White,Male,0,0,25,United-States,Above-50K
22,Private,Some-college,10,Never-married,Sales,Own-child,White,Male,0,0,34,United-States,Below-50K
42,Private,HS-grad,9,Married-civ-spouse,Sales,Husband,White,Male,0,0,50,United-States,Below-50K
65,Private,10th,6,Married-civ-spouse,Handlers-cleaners,Husband,White,Male,0,0,22,United-States,Above-50K
90,Private,HS-grad,9,Widowed,Transport-moving,Unmarried,White,Male,0,0,99,United-States,Below-50K
22,Private,HS-grad,9,Never-married,Prof-specialty,Not-in-family,White,Male,0,0,40,United-States,Below-50K
26,Private,HS-grad,9,Married-civ-spouse,Craft-repair,Husband,White,Male,0,0,48,United-States,Below-50K
49,Private,11th,7,Married-civ-spouse,Transport-moving,Husband,White,Male,0,0,40,United-States,Below-50K
24,Private,Some-college,10,Never-married,Machine-op-inspct,Not-in-family,White,Male,0,0,40,United-States,Below-50K
21,Self-emp-not-inc,Some-college,10,Never-married,Tech-support,Not-in-family,White,Male,0,0,25,United-States,Below-50K
35,Private,HS-grad,9,Married-civ-spouse,Machine-op-inspct,Husband,White,Male,0,0,40,United-States,Below-50K
44,Private,7th-8th,4,Married-civ-spouse,Machine-op-inspct,Husband,White,Male,0,0,40,United-States,Below-50K
49,Private,Some-college,10,Married-civ-spouse,Exec-managerial,Husband,White,Male,7298,0,40,United-States,Above-50K
48,Private,HS-grad,9,Divorced,Transport-moving,Not-in-family,White,Male,0,0,65,United-States,Below-50K
28,Private,HS-grad,9,Married-civ-spouse,Transport-moving,Husband,White,Male,0,1740,40,United-States,Below-50K
26,Private,HS-grad,9,Married-civ-spouse,Craft-repair,Husband,White,Male,0,0,40,United-States,Below-50K
30,Self-emp-not-inc,Some-college,10,Married-spouse-absent,Craft-repair,Own-child,White,Male,0,0,60,United-States,Above-50K
33,Private,HS-grad,9,Married-civ-spouse,Transport-moving,Husband,White,Male,0,0,60,United-States,Below-50K
19,Private,Some-college,10,Never-married,Prof-specialty,Own-child,White,Male,0,0,10,United-States,Below-50K
42,State-gov,11th,7,Married-civ-spouse,Farming-fishing,Husband,White,Male,0,0,40,United-States,Below-50K
28,Federal-gov,Bachelors,13,Never-married,Protective-serv,Not-in-family,White,Male,0,0,50,United-States,Below-50K
35,Private,Doctorate,16,Married-civ-spouse,Prof-specialty,Husband,White,Male,7298,0,40,United-States,Above-50K
51,Self-emp-inc,Prof-school,15,Married-civ-spouse,Prof-specialty,Husband,White,Male,0,0,60,United-States,Above-50K
72,Private,HS-grad,9,Married-civ-spouse,Handlers-cleaners,Husband,White,Male,0,0,20,United-States,Below-50K
54,Local-gov,HS-grad,9,Married-civ-spouse,Transport-moving,Husband,Black,Male,0,0,40,United-States,Below-50K
26,State-gov,Bachelors,13,Never-married,Prof-specialty,Own-child,White,Male,0,0,40,United-States,Below-50K
41,Private,1st-4th,2,Married-civ-spouse,Farming-fishing,Husband,White,Male,0,0,40,Mexico,Below-50K
51,State-gov,Assoc-voc,11,Divorced,Tech-support,Not-in-family,White,Male,0,2444,39,United-States,Above-50K
63,Self-emp-not-inc,Bachelors,13,Never-married,Transport-moving,Not-in-family,White,Male,0,0,40,United-States,Below-50K
43,Private,Bachelors,13,Married-civ-spouse,Exec-managerial,Husband,White,Male,0,0,40,United-States,Above-50K
48,Private,Bachelors,13,Married-civ-spouse,Prof-specialty,Husband,White,Male,0,0,55,United-States,Below-50K
18,Private,11th,7,Never-married,Handlers-cleaners,Own-child,White,Male,0,0,20,United-States,Below-50K
36,Private,Bachelors,13,Divorced,Prof-specialty,Not-in-family,White,Male,14084,0,40,United-States,Above-50K
23,Private,10th,6,Married-civ-spouse,Craft-repair,Husband,White,Male,0,0,40,Portugal,Below-50K
30,Local-gov,Bachelors,13,Married-civ-spouse,Protective-serv,Husband,White,Male,0,0,40,United-States,Below-50K
38,Private,11th,7,Married-civ-spouse,Craft-repair,Husband,White,Male,0,0,40,United-States,Below-50K
73,Private,11th,7,Married-civ-spouse,Machine-op-inspct,Husband,White,Male,0,0,40,United-States,Below-50K
24,Private,Some-college,10,Never-married,Farming-fishing,Own-child,White,Male,0,0,50,United-States,Below-50K
31,Private,7th-8th,4,Married-civ-spouse,Machine-op-inspct,Husband,White,Male,0,0,40,United-States,Below-50K
34,Private,Some-college,10,Married-civ-spouse,Sales,Husband,White,Male,0,0,55,United-States,Above-50K
44,Private,Bachelors,13,Married-civ-spouse,Exec-managerial,Husband,White,Male,0,0,40,United-States,Above-50K
51,Private,HS-grad,9,Married-spouse-absent,Craft-repair,Not-in-family,White,Male,0,0,45,Columbia,Below-50K
44,Private,Bachelors,13,Never-married,Prof-specialty,Not-in-family,White,Male,0,0,40,United-States,Below-50K
42,Private,10th,6,Married-civ-spouse,Transport-moving,Husband,White,Male,0,0,50,United-States,Below-50K
54,Self-emp-not-inc,HS-grad,9,Married-civ-spouse,Sales,Husband,White,Male,0,0,60,United-States,Below-50K
24,Private,Some-college,10,Married-civ-spouse,Craft-repair,Husband,White,Male,0,0,65,United-States,Below-50K
43,Private,Bachelors,13,Married-civ-spouse,Prof-specialty,Husband,White,Male,0,0,40,United-States,Above-50K
43,Private,Some-college,10,Divorced,Craft-repair,Unmarried,White,Male,0,0,35,United-States,Below-50K
23,Private,Some-college,10,Married-civ-spouse,Sales,Husband,White,Male,0,0,45,United-States,Below-50K
28,Private,10th,6,Married-spouse-absent,Craft-repair,Unmarried,White,Male,0,0,40,Mexico,Below-50K
32,Private,Some-college,10,Divorced,Handlers-cleaners,Unmarried,Black,Male,0,0,40,Nicaragua,Below-50K
21,Private,HS-grad,9,Never-married,Adm-clerical,Own-child,White,Male,0,0,40,United-States,Below-50K
33,Private,HS-grad,9,Married-civ-spouse,Handlers-cleaners,Husband,White,Male,0,0,40,United-States,Below-50K
42,Private,5th-6th,3,Married-civ-spouse,Craft-repair,Husband,White,Male,0,0,60,United-States,Below-50K
33,Private,HS-grad,9,Married-civ-spouse,Prof-specialty,Husband,Amer-Indian-Eskimo,Male,0,0,48,United-States,Above-50K
54,Private,HS-grad,9,Married-civ-spouse,Exec-managerial,Husband,White,Male,0,0,40,United-States,Above-50K
29,Self-emp-not-inc,HS-grad,9,Never-married,Farming-fishing,Not-in-family,White,Male,0,0,40,United-States,Below-50K
48,Private,Assoc-voc,11,Never-married,Adm-clerical,Unmarried,White,Male,0,0,40,United-States,Below-50K
43,Private,HS-grad,9,Married-civ-spouse,Craft-repair,Husband,Black,Male,0,0,40,United-States,Below-50K
48,Private,Assoc-voc,11,Married-civ-spouse,Sales,Husband,White,Male,0,0,40,United-States,Above-50K
38,Self-emp-not-inc,Some-college,10,Married-civ-spouse,Transport-moving,Husband,White,Male,0,0,40,United-States,Below-50K
24,Private,7th-8th,4,Married-civ-spouse,Sales,Husband,White,Male,2580,0,40,United-States,Below-50K
37,Private,Some-college,10,Married-civ-spouse,Exec-managerial,Husband,White,Male,0,0,60,United-States,Above-50K
42,Private,Doctorate,16,Married-civ-spouse,Prof-specialty,Husband,White,Male,0,0,40,France,Below-50K
60,Private,Masters,14,Married-civ-spouse,Exec-managerial,Husband,White,Male,0,0,50,United-States,Above-50K
37,Private,HS-grad,9,Divorced,Craft-repair,Not-in-family,White,Male,0,0,49,United-States,Below-50K
37,Private,HS-grad,9,Married-civ-spouse,Exec-managerial,Husband,White,Male,0,0,55,United-States,Below-50K
20,Private,9th,5,Married-civ-spouse,Machine-op-inspct,Husband,White,Male,0,0,40,United-States,Below-50K
23,Private,HS-grad,9,Married-civ-spouse,Exec-managerial,Husband,White,Male,0,0,30,United-States,Below-50K
61,State-gov,Prof-school,15,Married-civ-spouse,Prof-specialty,Husband,White,Male,0,1902,40,United-States,Above-50K
53,Private,Bachelors,13,Married-civ-spouse,Adm-clerical,Husband,White,Male,7298,0,40,United-States,Above-50K
52,Self-emp-not-inc,Prof-school,15,Married-civ-spouse,Prof-specialty,Husband,White,Male,0,0,70,United-States,Above-50K
59,Private,10th,6,Married-civ-spouse,Machine-op-inspct,Husband,White,Male,0,0,40,United-States,Below-50K
60,Private,Assoc-voc,11,Married-civ-spouse,Tech-support,Husband,White,Male,0,0,40,United-States,Below-50K
58,Private,11th,7,Married-civ-spouse,Transport-moving,Husband,White,Male,0,0,50,United-States,Below-50K
31,Private,HS-grad,9,Married-civ-spouse,Craft-repair,Husband,White,Male,0,1848,40,United-States,Above-50K
37,Private,HS-grad,9,Never-married,Craft-repair,Unmarried,White,Male,0,0,40,United-States,Below-50K
47,Private,HS-grad,9,Married-civ-spouse,Craft-repair,Husband,White,Male,0,0,40,United-States,Above-50K
29,Private,Some-college,10,Never-married,Sales,Not-in-family,White,Male,0,0,30,United-States,Below-50K
53,Private,11th,7,Married-civ-spouse,Craft-repair,Husband,White,Male,0,0,40,United-States,Below-50K
41,Private,HS-grad,9,Separated,Craft-repair,Not-in-family,Black,Male,0,0,40,United-States,Below-50K
33,Self-emp-not-inc,12th,8,Never-married,Craft-repair,Not-in-family,Black,Male,0,0,32,United-States,Below-50K
26,Private,Some-college,10,Married-civ-spouse,Adm-clerical,Husband,White,Male,0,0,40,United-States,Below-50K
26,Private,Some-college,10,Never-married,Adm-clerical,Not-in-family,White,Male,0,0,30,United-States,Below-50K
39,Private,10th,6,Married-civ-spouse,Craft-repair,Husband,White,Male,0,2051,40,United-States,Below-50K
41,Private,HS-grad,9,Never-married,Craft-repair,Not-in-family,White,Male,0,0,54,United-States,Below-50K
52,Private,HS-grad,9,Married-civ-spouse,Handlers-cleaners,Husband,White,Male,0,0,40,United-States,Above-50K
63,Self-emp-not-inc,Bachelors,13,Married-civ-spouse,Sales,Husband,White,Male,0,0,30,United-States,Above-50K
24,State-gov,Bachelors,13,Never-married,Prof-specialty,Not-in-family,White,Male,0,0,40,United-States,Below-50K
19,Private,12th,8,Never-married,Handlers-cleaners,Own-child,Amer-Indian-Eskimo,Male,0,0,20,United-States,Below-50K
31,Private,Bachelors,13,Married-civ-spouse,Prof-specialty,Husband,White,Male,0,0,40,United-States,Below-50K
30,Private,Bachelors,13,Never-married,Sales,Not-in-family,White,Male,0,0,40,United-States,Below-50K
60,Private,HS-grad,9,Married-civ-spouse,Prof-specialty,Husband,White,Male,5013,0,40,United-States,Below-50K
20,Private,Some-college,10,Never-married,Prof-specialty,Own-child,White,Male,0,0,24,United-States,Below-50K
61,Private,9th,5,Married-civ-spouse,Machine-op-inspct,Husband,White,Male,0,0,40,United-States,Below-50K
38,Private,HS-grad,9,Married-civ-spouse,Craft-repair,Husband,White,Male,0,0,40,United-States,Below-50K
54,Private,HS-grad,9,Married-civ-spouse,Transport-moving,Husband,White,Male,0,0,70,United-States,Below-50K
66,Self-emp-not-inc,Assoc-voc,11,Married-civ-spouse,Prof-specialty,Husband,White,Male,0,0,50,United-States,Below-50K
26,Self-emp-not-inc,Some-college,10,Married-civ-spouse,Farming-fishing,Husband,White,Male,0,0,78,United-States,Below-50K
54,Private,Some-college,10,Married-civ-spouse,Sales,Husband,White,Male,0,0,40,United-States,Above-50K
20,Self-emp-inc,HS-grad,9,Never-married,Farming-fishing,Own-child,White,Male,0,0,70,United-States,Below-50K
40,Private,Bachelors,13,Married-civ-spouse,Prof-specialty,Husband,White,Male,0,0,60,Ireland,Above-50K
42,Self-emp-inc,Prof-school,15,Married-civ-spouse,Prof-specialty,Husband,White,Male,0,0,60,Cuba,Above-50K
29,Federal-gov,Bachelors,13,Married-civ-spouse,Exec-managerial,Husband,White,Male,7688,0,40,United-States,Above-50K
60,Private,Bachelors,13,Divorced,Exec-managerial,Own-child,White,Male,0,0,60,United-States,Below-50K
41,Private,Assoc-voc,11,Married-civ-spouse,Sales,Husband,White,Male,0,0,40,United-States,Above-50K
50,Private,Bachelors,13,Married-civ-spouse,Tech-support,Husband,White,Male,15024,0,40,United-States,Above-50K
59,Self-emp-not-inc,7th-8th,4,Married-civ-spouse,Transport-moving,Husband,White,Male,0,0,40,United-States,Below-50K
57,Self-emp-not-inc,Some-college,10,Married-civ-spouse,Tech-support,Husband,White,Male,0,0,38,United-States,Above-50K
37,Private,10th,6,Never-married,Craft-repair,Own-child,White,Male,0,0,35,United-States,Below-50K
28,Self-emp-not-inc,Bachelors,13,Never-married,Tech-support,Not-in-family,White,Male,0,0,45,United-States,Below-50K
41,Private,Assoc-voc,11,Married-civ-spouse,Exec-managerial,Husband,White,Male,0,0,40,United-States,Below-50K
26,Private,Bachelors,13,Never-married,Tech-support,Not-in-family,White,Male,0,0,40,United-States,Below-50K
54,Private,Some-college,10,Married-civ-spouse,Farming-fishing,Husband,White,Male,0,0,50,United-States,Below-50K
59,Private,Masters,14,Divorced,Prof-specialty,Not-in-family,White,Male,0,0,50,United-States,Below-50K
57,Private,Bachelors,13,Married-civ-spouse,Exec-managerial,Husband,White,Male,0,0,40,United-States,Below-50K
69,Local-gov,10th,6,Married-civ-spouse,Transport-moving,Husband,White,Male,0,0,10,United-States,Below-50K
37,Private,Assoc-voc,11,Married-civ-spouse,Adm-clerical,Husband,White,Male,0,0,40,United-States,Below-50K
43,Private,Some-college,10,Married-civ-spouse,Craft-repair,Husband,White,Male,0,0,40,United-States,Below-50K
38,Private,HS-grad,9,Married-civ-spouse,Sales,Husband,White,Male,3464,0,40,Columbia,Below-50K
36,Private,Some-college,10,Married-civ-spouse,Exec-managerial,Husband,White,Male,0,0,45,United-States,Below-50K
46,Private,HS-grad,9,Married-civ-spouse,Transport-moving,Husband,Black,Male,0,0,46,United-States,Above-50K
40,Self-emp-inc,Assoc-acdm,12,Married-civ-spouse,Sales,Husband,White,Male,15024,0,50,United-States,Above-50K
42,Private,HS-grad,9,Widowed,Transport-moving,Unmarried,White,Male,0,0,40,United-States,Below-50K
42,Federal-gov,Some-college,10,Married-civ-spouse,Adm-clerical,Husband,White,Male,0,0,40,United-States,Above-50K
36,Private,10th,6,Never-married,Craft-repair,Not-in-family,White,Male,0,0,40,United-States,Below-50K
42,Private,Bachelors,13,Divorced,Adm-clerical,Unmarried,White,Male,9562,0,45,United-States,Above-50K
34,Private,Some-college,10,Married-civ-spouse,Prof-specialty,Husband,White,Male,7298,0,50,United-States,Above-50K
18,Self-emp-not-inc,11th,7,Never-married,Craft-repair,Own-child,White,Male,0,0,40,United-States,Below-50K
33,Local-gov,Assoc-voc,11,Never-married,Adm-clerical,Own-child,White,Male,0,1669,55,United-States,Below-50K
33,Private,Assoc-voc,11,Married-civ-spouse,Farming-fishing,Husband,White,Male,0,0,45,United-States,Below-50K
56,Local-gov,Some-college,10,Married-civ-spouse,Craft-repair,Husband,White,Male,0,0,41,United-States,Above-50K
21,Private,Some-college,10,Never-married,Handlers-cleaners,Own-child,White,Male,0,0,25,United-States,Below-50K
40,Private,HS-grad,9,Divorced,Craft-repair,Unmarried,White,Male,0,0,40,United-States,Below-50K
25,Private,Some-college,10,Never-married,Handlers-cleaners,Not-in-family,Amer-Indian-Eskimo,Male,0,0,40,United-States,Below-50K
21,Private,HS-grad,9,Never-married,Farming-fishing,Own-child,White,Male,0,0,24,United-States,Below-50K
41,Private,HS-grad,9,Married-civ-spouse,Machine-op-inspct,Husband,White,Male,0,0,40,United-States,Below-50K
37,Private,Bachelors,13,Never-married,Farming-fishing,Not-in-family,White,Male,0,0,30,United-States,Below-50K
23,Private,HS-grad,9,Never-married,Craft-repair,Not-in-family,White,Male,0,0,40,United-States,Below-50K
53,Private,HS-grad,9,Widowed,Craft-repair,Unmarried,White,Male,0,0,40,United-States,Above-50K
35,Private,Bachelors,13,Married-civ-spouse,Prof-specialty,Husband,White,Male,0,0,16,United-States,Above-50K
61,Private,Bachelors,13,Married-civ-spouse,Prof-specialty,Husband,White,Male,15024,0,50,United-States,Above-50K
46,Private,Some-college,10,Married-civ-spouse,Craft-repair,Husband,White,Male,0,1902,50,United-States,Above-50K
51,Private,HS-grad,9,Married-civ-spouse,Machine-op-inspct,Husband,White,Male,0,0,40,United-States,Below-50K
39,Local-gov,Masters,14,Married-civ-spouse,Prof-specialty,Husband,White,Male,0,0,45,United-States,Above-50K
29,Private,HS-grad,9,Never-married,Tech-support,Own-child,Black,Male,0,0,40,United-States,Below-50K
40,Private,Some-college,10,Never-married,Exec-managerial,Not-in-family,White,Male,0,0,50,United-States,Above-50K
43,Private,Some-college,10,Married-civ-spouse,Transport-moving,Husband,White,Male,0,0,60,United-States,Above-50K
40,Private,Some-college,10,Married-civ-spouse,Adm-clerical,Husband,White,Male,0,0,40,United-States,Below-50K
33,Private,Some-college,10,Married-civ-spouse,Machine-op-inspct,Husband,White,Male,0,0,55,United-States,Below-50K
45,Private,5th-6th,3,Married-civ-spouse,Transport-moving,Husband,White,Male,0,0,38,Mexico,Below-50K
27,Private,11th,7,Married-civ-spouse,Handlers-cleaners,Husband,White,Male,3942,0,40,United-States,Below-50K
26,Private,12th,8,Never-married,Transport-moving,Own-child,Black,Male,0,0,40,United-States,Below-50K
39,Private,Some-college,10,Divorced,Sales,Own-child,White,Male,0,1380,70,United-States,Below-50K
27,State-gov,Masters,14,Never-married,Prof-specialty,Not-in-family,White,Male,0,0,40,United-States,Below-50K
35,Self-emp-not-inc,HS-grad,9,Married-civ-spouse,Craft-repair,Husband,White,Male,0,0,40,United-States,Below-50K
23,Private,Some-college,10,Never-married,Machine-op-inspct,Own-child,Asian-Pac-Islander,Male,0,0,30,United-States,Below-50K
69,Private,Bachelors,13,Divorced,Handlers-cleaners,Not-in-family,White,Male,0,0,40,United-States,Below-50K
38,Private,Bachelors,13,Married-civ-spouse,Exec-managerial,Husband,White,Male,0,0,40,United-States,Above-50K
26,Private,HS-grad,9,Married-civ-spouse,Farming-fishing,Husband,White,Male,0,0,55,United-States,Below-50K
57,Self-emp-inc,HS-grad,9,Married-civ-spouse,Prof-specialty,Husband,Black,Male,0,0,60,United-States,Above-50K
38,Private,Bachelors,13,Married-civ-spouse,Sales,Husband,White,Male,0,0,42,United-States,Above-50K
24,Private,HS-grad,9,Never-married,Handlers-cleaners,Not-in-family,White,Male,0,0,20,United-States,Below-50K
35,Self-emp-inc,Assoc-acdm,12,Married-civ-spouse,Sales,Husband,White,Male,0,1887,45,United-States,Above-50K
46,Local-gov,Masters,14,Married-civ-spouse,Prof-specialty,Husband,White,Male,0,0,40,United-States,Above-50K
30,State-gov,HS-grad,9,Married-civ-spouse,Protective-serv,Husband,White,Male,0,0,40,United-States,Below-50K
44,State-gov,Masters,14,Married-civ-spouse,Prof-specialty,Husband,White,Male,0,0,40,United-States,Above-50K
38,Local-gov,Masters,14,Never-married,Prof-specialty,Not-in-family,White,Male,0,0,43,United-States,Below-50K
39,Federal-gov,Assoc-voc,11,Married-civ-spouse,Prof-specialty,Husband,White,Male,0,0,50,United-States,Below-50K
50,Private,HS-grad,9,Married-civ-spouse,Transport-moving,Husband,White,Male,0,0,40,United-States,Below-50K
39,Private,Some-college,10,Married-civ-spouse,Machine-op-inspct,Husband,White,Male,0,0,40,United-States,Below-50K
23,Private,Bachelors,13,Never-married,Sales,Not-in-family,White,Male,0,0,50,United-States,Below-50K
47,Self-emp-not-inc,HS-grad,9,Married-civ-spouse,Exec-managerial,Husband,White,Male,0,0,50,United-States,Above-50K
45,Private,Some-college,10,Married-civ-spouse,Craft-repair,Husband,White,Male,0,0,40,United-States,Above-50K
46,Self-emp-not-inc,Assoc-acdm,12,Divorced,Craft-repair,Not-in-family,White,Male,0,0,40,United-States,Below-50K
24,Private,HS-grad,9,Never-married,Craft-repair,Own-child,White,Male,0,0,40,United-States,Below-50K
28,Private,HS-grad,9,Married-civ-spouse,Craft-repair,Husband,White,Male,0,0,40,United-States,Below-50K
23,Private,Assoc-voc,11,Never-married,Craft-repair,Own-child,White,Male,0,0,33,United-States,Below-50K
56,Private,HS-grad,9,Divorced,Craft-repair,Not-in-family,White,Male,0,0,42,United-States,Below-50K
51,Private,Some-college,10,Married-civ-spouse,Craft-repair,Husband,White,Male,0,0,60,United-States,Above-50K
29,Private,HS-grad,9,Never-married,Farming-fishing,Own-child,Black,Male,0,0,30,United-States,Below-50K
67,Private,HS-grad,9,Married-civ-spouse,Sales,Husband,White,Male,0,0,10,United-States,Below-50K
48,Self-emp-inc,Prof-school,15,Married-civ-spouse,Prof-specialty,Husband,White,Male,0,0,60,United-States,Above-50K
75,Private,Some-college,10,Married-civ-spouse,Transport-moving,Husband,White,Male,0,0,16,United-States,Below-50K
55,Federal-gov,Bachelors,13,Married-civ-spouse,Prof-specialty,Husband,White,Male,0,0,40,United-States,Above-50K
31,Private,Bachelors,13,Married-civ-spouse,Prof-specialty,Husband,Asian-Pac-Islander,Male,15024,0,48,Philippines,Above-50K
22,Private,1st-4th,2,Never-married,Craft-repair,Not-in-family,White,Male,0,0,40,Guatemala,Below-50K
25,Self-emp-inc,Bachelors,13,Never-married,Exec-managerial,Own-child,Asian-Pac-Islander,Male,0,0,35,Taiwan,Below-50K
27,Private,Some-college,10,Married-civ-spouse,Farming-fishing,Husband,White,Male,0,0,80,United-States,Below-50K
60,Self-emp-not-inc,HS-grad,9,Married-civ-spouse,Sales,Husband,White,Male,0,0,50,United-States,Below-50K
41,Self-emp-not-inc,HS-grad,9,Married-civ-spouse,Exec-managerial,Husband,White,Male,0,0,50,United-States,Below-50K
35,Private,12th,8,Never-married,Farming-fishing,Not-in-family,White,Male,0,0,20,United-States,Below-50K
23,Private,HS-grad,9,Never-married,Sales,Own-child,Black,Male,0,0,40,United-States,Below-50K
25,Private,Bachelors,13,Never-married,Exec-managerial,Not-in-family,White,Male,4101,0,35,United-States,Below-50K
30,Private,HS-grad,9,Never-married,Machine-op-inspct,Own-child,White,Male,0,0,60,United-States,Below-50K
29,Private,Some-college,10,Married-civ-spouse,Transport-moving,Husband,White,Male,0,0,45,United-States,Above-50K
54,Private,7th-8th,4,Divorced,Machine-op-inspct,Not-in-family,White,Male,0,0,40,Guatemala,Below-50K
33,Private,9th,5,Divorced,Handlers-cleaners,Not-in-family,White,Male,0,0,70,United-States,Below-50K
27,Local-gov,HS-grad,9,Never-married,Protective-serv,Own-child,White,Male,0,0,38,United-States,Below-50K
35,Private,7th-8th,4,Married-civ-spouse,Machine-op-inspct,Husband,White,Male,0,0,40,Mexico,Below-50K
46,Self-emp-not-inc,Some-college,10,Divorced,Exec-managerial,Not-in-family,White,Male,0,0,50,United-States,Below-50K
27,Private,9th,5,Married-civ-spouse,Farming-fishing,Husband,Amer-Indian-Eskimo,Male,0,0,40,United-States,Below-50K
27,State-gov,HS-grad,9,Never-married,Protective-serv,Own-child,White,Male,2174,0,40,United-States,Below-50K
32,Private,HS-grad,9,Married-civ-spouse,Machine-op-inspct,Husband,Black,Male,0,0,40,United-States,Below-50K
37,Private,Bachelors,13,Never-married,Machine-op-inspct,Not-in-family,Black,Male,0,1719,32,United-States,Below-50K
29,Private,HS-grad,9,Never-married,Craft-repair,Own-child,Black,Male,0,0,40,United-States,Below-50K
40,Private,Masters,14,Married-civ-spouse,Exec-managerial,Husband,White,Male,0,0,50,United-States,Above-50K
29,Local-gov,Some-college,10,Married-civ-spouse,Protective-serv,Husband,White,Male,0,1485,40,United-States,Above-50K
23,Private,Some-college,10,Never-married,Handlers-cleaners,Own-child,White,Male,0,0,35,United-States,Below-50K
44,Local-gov,Assoc-voc,11,Married-civ-spouse,Craft-repair,Husband,White,Male,0,0,40,United-States,Above-50K
48,Private,Bachelors,13,Divorced,Handlers-cleaners,Not-in-family,White,Male,0,0,43,United-States,Below-50K
49,State-gov,Some-college,10,Married-civ-spouse,Prof-specialty,Husband,White,Male,0,0,50,United-States,Above-50K
51,Self-emp-inc,Masters,14,Married-civ-spouse,Exec-managerial,Husband,White,Male,15024,0,50,United-States,Above-50K
25,Private,HS-grad,9,Never-married,Exec-managerial,Not-in-family,White,Male,0,0,45,United-States,Below-50K
30,Private,Bachelors,13,Never-married,Exec-managerial,Own-child,Black,Male,0,0,40,Germany,Below-50K
46,Private,HS-grad,9,Married-civ-spouse,Craft-repair,Husband,White,Male,0,0,40,United-States,Above-50K
24,Private,Bachelors,13,Married-civ-spouse,Machine-op-inspct,Husband,White,Male,0,0,40,United-States,Below-50K
27,Private,HS-grad,9,Married-civ-spouse,Craft-repair,Husband,White,Male,0,0,40,United-States,Below-50K
38,Private,Assoc-voc,11,Married-civ-spouse,Sales,Husband,White,Male,0,0,40,United-States,Above-50K
27,Private,HS-grad,9,Separated,Craft-repair,Unmarried,Black,Male,0,0,40,United-States,Below-50K
33,Self-emp-not-inc,Some-college,10,Married-civ-spouse,Sales,Husband,White,Male,0,1740,50,United-States,Below-50K
44,Private,HS-grad,9,Married-civ-spouse,Machine-op-inspct,Husband,Amer-Indian-Eskimo,Male,0,0,40,United-States,Below-50K
54,Self-emp-not-inc,7th-8th,4,Married-civ-spouse,Farming-fishing,Husband,White,Male,0,0,60,United-States,Below-50K
42,Private,Bachelors,13,Married-civ-spouse,Exec-managerial,Husband,White,Male,0,0,45,United-States,Above-50K
43,Federal-gov,Bachelors,13,Married-civ-spouse,Adm-clerical,Husband,White,Male,7298,0,40,United-States,Above-50K
25,Private,7th-8th,4,Married-civ-spouse,Craft-repair,Husband,White,Male,0,0,40,Mexico,Below-50K
31,Private,12th,8,Never-married,Sales,Own-child,White,Male,0,0,32,United-States,Below-50K
35,Private,HS-grad,9,Married-civ-spouse,Craft-repair,Husband,White,Male,0,0,43,United-States,Below-50K
64,Private,Doctorate,16,Widowed,Prof-specialty,Not-in-family,White,Male,0,0,80,United-States,Above-50K
53,Private,7th-8th,4,Married-civ-spouse,Craft-repair,Husband,Asian-Pac-Islander,Male,0,0,40,Vietnam,Below-50K
43,Self-emp-not-inc,Some-college,10,Married-civ-spouse,Farming-fishing,Husband,White,Male,0,0,50,United-States,Below-50K
56,Self-emp-inc,HS-grad,9,Married-civ-spouse,Sales,Husband,White,Male,0,1902,40,United-States,Above-50K
53,Private,Some-college,10,Married-civ-spouse,Tech-support,Husband,White,Male,0,0,40,United-States,Below-50K
37,Private,HS-grad,9,Married-civ-spouse,Transport-moving,Husband,White,Male,0,0,50,United-States,Below-50K
34,Private,HS-grad,9,Divorced,Transport-moving,Not-in-family,White,Male,0,0,40,United-States,Below-50K
42,Self-emp-not-inc,HS-grad,9,Married-civ-spouse,Transport-moving,Husband,White,Male,0,0,96,United-States,Below-50K
35,Private,Some-college,10,Married-civ-spouse,Prof-specialty,Husband,White,Male,0,0,50,United-States,Above-50K
40,Self-emp-not-inc,Masters,14,Married-civ-spouse,Exec-managerial,Husband,White,Male,99999,0,50,United-States,Above-50K
28,Private,HS-grad,9,Married-civ-spouse,Machine-op-inspct,Husband,White,Male,0,0,45,United-States,Below-50K
38,Private,Bachelors,13,Married-civ-spouse,Sales,Husband,White,Male,0,0,40,United-States,Above-50K
61,Private,Masters,14,Married-civ-spouse,Sales,Husband,White,Male,0,0,60,United-States,Above-50K
33,Private,Assoc-voc,11,Never-married,Craft-repair,Not-in-family,White,Male,0,0,40,United-States,Below-50K
39,Private,Masters,14,Married-civ-spouse,Prof-specialty,Husband,White,Male,7688,0,45,United-States,Above-50K
30,Private,Assoc-voc,11,Never-married,Prof-specialty,Not-in-family,White,Male,0,0,40,United-States,Below-50K
55,Private,7th-8th,4,Married-civ-spouse,Transport-moving,Husband,White,Male,0,0,50,United-States,Below-50K
44,Local-gov,12th,8,Married-civ-spouse,Craft-repair,Husband,White,Male,0,0,55,United-States,Below-50K
46,Self-emp-not-inc,Masters,14,Married-civ-spouse,Craft-repair,Husband,White,Male,0,0,50,United-States,Above-50K
35,Private,Some-college,10,Married-civ-spouse,Sales,Husband,White,Male,0,0,40,United-States,Above-50K
33,Private,HS-grad,9,Never-married,Transport-moving,Not-in-family,White,Male,0,0,87,United-States,Below-50K
23,Private,HS-grad,9,Never-married,Sales,Not-in-family,White,Male,0,1590,48,United-States,Below-50K
17,Private,11th,7,Never-married,Sales,Own-child,White,Male,0,0,20,United-States,Below-50K
25,Private,Assoc-acdm,12,Never-married,Machine-op-inspct,Own-child,Black,Male,0,0,48,United-States,Below-50K
36,Private,10th,6,Never-married,Farming-fishing,Own-child,Black,Male,0,0,60,United-States,Below-50K
69,Self-emp-not-inc,Prof-school,15,Married-civ-spouse,Prof-specialty,Husband,White,Male,99999,0,40,United-States,Above-50K
34,Private,Some-college,10,Married-civ-spouse,Machine-op-inspct,Husband,White,Male,0,0,45,United-States,Above-50K
71,Self-emp-inc,Bachelors,13,Married-civ-spouse,Exec-managerial,Husband,White,Male,0,2392,60,United-States,Above-50K
63,Self-emp-not-inc,7th-8th,4,Married-civ-spouse,Farming-fishing,Husband,White,Male,0,0,60,United-States,Above-50K
24,Private,HS-grad,9,Never-married,Transport-moving,Own-child,White,Male,0,0,50,United-States,Below-50K
44,Private,HS-grad,9,Married-civ-spouse,Tech-support,Husband,White,Male,0,0,45,United-States,Above-50K
25,Private,Bachelors,13,Never-married,Transport-moving,Own-child,White,Male,0,0,60,United-States,Below-50K
32,Private,Assoc-voc,11,Divorced,Sales,Not-in-family,White,Male,0,0,50,United-States,Above-50K
35,Private,Bachelors,13,Married-civ-spouse,Tech-support,Husband,White,Male,0,0,40,United-States,Above-50K
39,Private,HS-grad,9,Married-civ-spouse,Transport-moving,Husband,White,Male,0,0,40,United-States,Above-50K
22,Private,Some-college,10,Never-married,Adm-clerical,Own-child,White,Male,0,0,30,United-States,Below-50K
24,Private,HS-grad,9,Never-married,Craft-repair,Own-child,White,Male,0,0,50,United-States,Below-50K
47,Private,HS-grad,9,Divorced,Transport-moving,Not-in-family,White,Male,0,1590,40,United-States,Below-50K
33,Private,9th,5,Married-civ-spouse,Handlers-cleaners,Husband,White,Male,0,0,40,United-States,Below-50K
35,Self-emp-not-inc,Some-college,10,Married-civ-spouse,Exec-managerial,Husband,White,Male,0,0,40,United-States,Below-50K
20,Private,Some-college,10,Never-married,Exec-managerial,Not-in-family,Black,Male,0,0,47,United-States,Below-50K
45,Local-gov,Masters,14,Married-civ-spouse,Prof-specialty,Husband,White,Male,0,0,50,United-States,Above-50K
21,Private,11th,7,Married-spouse-absent,Handlers-cleaners,Own-child,White,Male,0,1762,40,Dominican-Republic,Below-50K
29,Private,HS-grad,9,Married-civ-spouse,Machine-op-inspct,Husband,Amer-Indian-Eskimo,Male,0,0,45,United-States,Below-50K
21,Private,HS-grad,9,Married-civ-spouse,Farming-fishing,Husband,White,Male,0,0,40,United-States,Below-50K
63,State-gov,Doctorate,16,Married-civ-spouse,Exec-managerial,Husband,White,Male,0,1902,50,United-States,Above-50K
43,Self-emp-not-inc,9th,5,Married-civ-spouse,Craft-repair,Husband,White,Male,0,0,40,United-States,Below-50K
29,Private,Bachelors,13,Married-civ-spouse,Exec-managerial,Wife,White,Male,0,0,40,United-States,Above-50K
24,Private,Some-college,10,Never-married,Machine-op-inspct,Own-child,White,Male,0,0,40,United-States,Below-50K
35,Private,Bachelors,13,Married-civ-spouse,Prof-specialty,Husband,White,Male,0,0,55,United-States,Below-50K
36,Private,Some-college,10,Married-civ-spouse,Sales,Husband,White,Male,7688,0,45,United-States,Above-50K
49,Self-emp-not-inc,Some-college,10,Married-civ-spouse,Sales,Husband,White,Male,0,0,50,United-States,Below-50K
51,Private,HS-grad,9,Married-civ-spouse,Prof-specialty,Husband,White,Male,0,0,40,United-States,Above-50K
24,Private,HS-grad,9,Never-married,Farming-fishing,Own-child,White,Male,0,0,98,United-States,Below-50K
43,Private,HS-grad,9,Married-civ-spouse,Transport-moving,Husband,White,Male,0,0,40,United-States,Below-50K
28,Private,Some-college,10,Never-married,Protective-serv,Own-child,White,Male,0,0,40,Honduras,Below-50K
50,Self-emp-inc,Some-college,10,Married-civ-spouse,Exec-managerial,Husband,White,Male,0,0,50,Germany,Above-50K
36,State-gov,HS-grad,9,Married-civ-spouse,Exec-managerial,Husband,White,Male,0,0,40,United-States,Below-50K
54,Local-gov,Some-college,10,Divorced,Craft-repair,Unmarried,White,Male,0,0,42,United-States,Below-50K
33,Private,Masters,14,Never-married,Prof-specialty,Not-in-family,Black,Male,0,0,50,United-States,Below-50K
38,Private,Bachelors,13,Married-civ-spouse,Exec-managerial,Husband,White,Male,0,0,50,United-States,Above-50K
33,Private,HS-grad,9,Divorced,Sales,Not-in-family,Asian-Pac-Islander,Male,0,0,45,Japan,Below-50K
53,Self-emp-inc,Doctorate,16,Married-civ-spouse,Prof-specialty,Husband,White,Male,0,0,40,United-States,Above-50K
30,Private,Some-college,10,Never-married,Adm-clerical,Not-in-family,White,Male,0,0,48,United-States,Below-50K
47,Self-emp-inc,HS-grad,9,Married-civ-spouse,Machine-op-inspct,Husband,White,Male,0,0,48,United-States,Below-50K
24,Private,Some-college,10,Never-married,Handlers-cleaners,Own-child,Asian-Pac-Islander,Male,0,0,30,United-States,Below-50K
38,Private,11th,7,Married-civ-spouse,Craft-repair,Husband,White,Male,0,0,40,Guatemala,Below-50K
53,Private,Masters,14,Married-civ-spouse,Exec-managerial,Husband,White,Male,0,0,45,United-States,Above-50K
47,Private,Some-college,10,Married-civ-spouse,Craft-repair,Husband,White,Male,0,0,40,United-States,Below-50K
24,Private,Bachelors,13,Never-married,Sales,Own-child,Black,Male,0,0,40,United-States,Below-50K
49,Self-emp-inc,Some-college,10,Divorced,Craft-repair,Not-in-family,White,Male,0,0,55,United-States,Below-50K
54,Local-gov,Assoc-voc,11,Married-civ-spouse,Protective-serv,Husband,White,Male,0,0,38,United-States,Above-50K
58,Private,HS-grad,9,Married-civ-spouse,Craft-repair,Husband,White,Male,0,0,40,United-States,Above-50K
59,Self-emp-not-inc,HS-grad,9,Married-civ-spouse,Farming-fishing,Husband,White,Male,0,0,20,United-States,Below-50K
34,Local-gov,Masters,14,Never-married,Prof-specialty,Not-in-family,White,Male,0,0,35,United-States,Below-50K
46,Private,Bachelors,13,Married-civ-spouse,Tech-support,Husband,White,Male,0,0,60,United-States,Above-50K
18,Private,10th,6,Never-married,Machine-op-inspct,Own-child,White,Male,0,0,30,United-States,Below-50K
46,Private,Masters,14,Married-civ-spouse,Prof-specialty,Husband,White,Male,0,1977,50,United-States,Above-50K
45,Self-emp-inc,Some-college,10,Married-civ-spouse,Farming-fishing,Husband,White,Male,0,0,50,United-States,Below-50K
39,Local-gov,Bachelors,13,Married-civ-spouse,Prof-specialty,Husband,White,Male,0,0,35,United-States,Above-50K
42,Self-emp-not-inc,Some-college,10,Married-civ-spouse,Farming-fishing,Husband,White,Male,0,0,60,United-States,Below-50K
58,Private,Masters,14,Married-civ-spouse,Exec-managerial,Husband,White,Male,0,0,40,United-States,Above-50K
36,Private,Bachelors,13,Married-civ-spouse,Exec-managerial,Husband,White,Male,0,0,55,United-States,Above-50K
36,Private,Some-college,10,Married-civ-spouse,Exec-managerial,Husband,White,Male,0,0,60,United-States,Below-50K
65,Private,HS-grad,9,Married-civ-spouse,Tech-support,Husband,White,Male,0,0,40,United-States,Above-50K
38,Private,Bachelors,13,Married-civ-spouse,Tech-support,Husband,White,Male,0,1977,40,United-States,Above-50K
29,Private,Some-college,10,Married-civ-spouse,Prof-specialty,Husband,White,Male,0,0,40,United-States,Below-50K
36,Private,12th,8,Divorced,Handlers-cleaners,Not-in-family,White,Male,0,0,40,United-States,Below-50K
46,Private,HS-grad,9,Divorced,Craft-repair,Not-in-family,Amer-Indian-Eskimo,Male,0,0,40,United-States,Below-50K